id,disease_name,pathogen_name,disease_type,affected_plant,host_range,risk_level,economic_impact,geographic_distribution,favorable_conditions,early_symptoms,late_symptoms,affected_parts,disease_cycle,incubation_period,organic_treatment,chemical_treatment,biological_treatment,preventive_measures,application_frequency,recovery_time,phi_days,created_at
1,Early Blight,Alternaria solani,Fungal,Tomato,"Tomato, Potato, Eggplant",Medium,Reduces yield by 30-50% in warm humid conditions. Major yield loss in unmanaged fields.,Worldwide,"Warm temperatures (24-29°C), High humidity (>90%), Wet foliage","Small, dark brown circular spots with concentric rings (target board pattern) on older lower leaves","Leaf yellowing, premature leaf drop, dark sunken lesions at stem-ends of fruit, stem collar rot","Leaves, Stem, Fruit",Overwinters in infected plant debris. Conidia spread by wind and rain splash. Infection requires 2-3 hours of wet leaf surface.,2-3 days,"Neem oil (4ml/L + 2ml soap), Copper oxychloride 50% WP (3g/L), Trichoderma harzianum soil drench, Baking soda spray (5g/L)","Mancozeb 75% WP (2g/L), Azoxystrobin 23% SC (1ml/L), Chlorothalonil 75% WP (2g/L), Propiconazole 25% EC (1ml/L)","Trichoderma viride, Bacillus subtilis strains QST713, Pseudomonas fluorescens","Use certified disease-free seeds, crop rotation (3 years), remove infected debris, avoid overhead irrigation, stake plants for air circulation",Every 7-10 days in wet weather,10-14 days with treatment,7,2026-06-26 15:47:47.240657
2,Late Blight,Phytophthora infestans,Oomycete,Tomato,"Tomato, Potato",Critical,Can destroy entire field in 5-7 days. Caused the Irish Potato Famine (1845-49).,"Worldwide, especially cool humid climates","Cool temperature (10-20°C), High humidity (>90%), Rain, dew","Water-soaked irregular grayish-green patches on leaves, usually starting from leaf tips and edges","Fuzzy white sporulating lesions on underside of leaves in humid conditions, greasy dark green-black patches on fruit, entire plant collapse with putrid smell","Leaves, Stems, Fruit",Sporangia spread by wind and rain. Sexual oospores persist in soil. Highly explosive under wet cool conditions.,3-5 days,"Copper hydroxide (3g/L) as protective spray, Bordeaux mixture (1%), maintain dry conditions","Metalaxyl-M + Mancozeb (Ridomil Gold) 2.5g/L, Cymoxanil + Famoxadone 0.5g/L, Dimethomorph 0.5g/L","Bacillus subtilis (Serenade), Streptomyces lydicus","Plant resistant varieties, ensure good drainage, avoid overhead irrigation, scout regularly during cool wet weather, destroy volunteer plants",Every 5-7 days during epidemic periods,7-10 days (preventive focus; infected plants rarely recover),7,2026-06-26 15:47:47.240663
3,Tomato Yellow Leaf Curl Virus (TYLCV),Tomato yellow leaf curl virus,Viral,Tomato,"Tomato, Pepper, Bean, Eggplant",High,Can cause 100% yield loss in unmanaged greenhouses. Major problem in warm regions.,"Mediterranean, Middle East, South Asia, Americas, Sub-Saharan Africa","High whitefly populations, temperatures above 25°C","Upward and inward curling of leaflets, yellowing at leaf margins","Severe stunting, complete yellowing, flower drop, no fruit set or deformed fruits","Leaves, Growing Tips, Fruit",Transmitted by whitefly (Bemisia tabaci) in a persistent circulative manner. No seed transmission.,14-21 days,"No cure once infected; control whitefly vector with neem oil, yellow sticky traps, reflective mulch",Imidacloprid or Thiamethoxam for whitefly control. Mineral oil sprays to reduce whitefly transmission,"Encarsia formosa parasitoid, Beauveria bassiana for whiteflies","Plant TYLCV-resistant varieties, use insect-proof netting in nursery, roguing infected plants immediately, control whiteflies",Whitefly control every 7-10 days,No recovery; remove infected plants,,2026-06-26 15:47:47.240664
4,Fusarium Wilt,Fusarium oxysporum f. sp. lycopersici,Fungal,Tomato,Tomato (host-specific),High,"Major cause of tomato field losses, especially in sandy soils.",Worldwide,"Warm soils (25-30°C), light sandy soils, acid soils","Yellowing and wilting of lower leaves starting on one side of the plant, often one branch first","Complete wilting and death, brown internal vascular discoloration visible when stem is cut crosswise","Roots, Stem (vascular), Leaves","Soil-borne pathogen. Survives for years in soil as chlamydospores. Enters through roots, grows in xylem blocking water flow.",7-14 days,"Trichoderma harzianum soil treatment, Solarization (clear polyethylene film over moist soil for 4-6 weeks)",No effective chemical cure; soil fumigation with Metam sodium before planting as preventive,"Trichoderma viride, Pseudomonas fluorescens root dip, Bacillus subtilis","Plant resistant varieties (race-specific), crop rotation (4+ years), avoid wounding roots, soil solarization",Soil treatments at planting,No recovery; remove infected plants,,2026-06-26 15:47:47.240664
5,Bacterial Wilt,Ralstonia solanacearum,Bacterial,Tomato,"Tomato, Potato, Pepper, Eggplant, Banana, Tobacco, Ginger",Critical,One of the most destructive soilborne diseases worldwide; can destroy entire plantations.,"Tropical, subtropical, warm temperate regions worldwide","High temperatures (28-35°C), high soil moisture, damaged roots","Sudden wilting of top leaves during hottest part of the day, recovery at night","Permanent wilting even at night, water-soaked stem interior, oozing of bacterial slime (white to gray) from cut stems dipped in water","Entire plant, Vascular system","Spreads through soil, water, infected plant material. Enters through roots. Multiplies in xylem.",3-7 days,No effective cure. Copper-based bactericides as weak suppressants,No effective chemical treatment available,Bacillus subtilis and Pseudomonas fluorescens as biological suppressants (preventive only),"Plant resistant varieties, crop rotation (minimum 3 years), soil solarization, avoid waterlogging, remove infected plants and soil, use clean tools",Preventive only,No recovery; remove infected plants immediately,,2026-06-26 15:47:47.240664
6,Septoria Leaf Spot,Septoria lycopersici,Fungal,Tomato,"Tomato, Potato (limited)",Medium,"Severe defoliation, reduces photosynthesis, leads to sunscald on fruit. Up to 40% yield loss.","Worldwide, common in humid temperate regions","Wet weather, temperatures 20-25°C, leaf wetness > 4 hours","Small, circular water-soaked spots on lower leaves with dark brown margins and lighter gray-white centers with tiny black dots (pycnidia)","Extensive defoliation starting from bottom of plant upward, sun-scalded fruits exposed to direct sun",Leaves (lower first),Overwinters in infected debris. Conidia splash-spread by rain. Infection requires wet leaf surface.,5 days,"Copper oxychloride 50% WP (3g/L), neem oil spray, remove infected lower leaves","Chlorothalonil (2g/L), Mancozeb (2g/L), Azoxystrobin (0.5ml/L)",Bacillus subtilis,"Crop rotation, remove infected plant debris, avoid overhead irrigation, stake and prune for air circulation",Every 10-14 days,14-21 days,7,2026-06-26 15:47:47.240665
7,Powdery Mildew (Tomato),Leveillula taurica,Fungal,Tomato,"Tomato, Pepper, Eggplant",Low,Reduces yield by 10-20% through photosynthesis reduction,"Dry, warm regions worldwide","Low humidity (50-70%), temperatures 18-28°C, common in greenhouses","Pale yellow spots on upper leaf surface, white powdery growth visible on underside","Entire leaf covered with white powder, premature defoliation",Leaves,Obligate parasite; spreads by airborne conidia. Internal mycelium attacks from inside leaf.,5-7 days,"Wettable sulfur (3g/L), potassium bicarbonate (5g/L), neem oil, diluted milk (1:9)","Hexaconazole (1ml/L), Propiconazole (1ml/L), Tebuconazole (1ml/L)","Ampelomyces quisqualis, Bacillus subtilis","Good air circulation, avoid dense planting, resistant varieties",Every 7-10 days,7-14 days,14,2026-06-26 15:47:47.240665
8,Blossom End Rot,Calcium deficiency (Physiological),Physiological Disorder,Tomato,"Tomato, Pepper, Eggplant, Watermelon, Squash",Medium,Can render 25-50% of fruits unmarketable during severe calcium stress.,Worldwide,"Irregular watering, drought stress, soil pH imbalance, excess nitrogen or potassium",Light brown water-soaked area at blossom end of green fruit,"Expanding dark brown to black leathery sunken patch at fruit base, secondary fungal colonization",Fruit (blossom end),Not infectious; caused by calcium translocation failure due to irregular water stress.,Appears 6-8 weeks after planting,"Foliar calcium chloride spray (4g/L), consistent irrigation, mulching, agricultural lime in soil","Calcium nitrate foliar spray (2g/L), drip application of calcium chelate",Not applicable,"Consistent irrigation schedule, mulch to retain soil moisture, soil pH 6.2-6.8, avoid excess ammonium nitrogen",Calcium spray every 7-10 days when fruits are forming,Affected fruits do not recover; new fruits will be healthy with correction,,2026-06-26 15:47:47.240666
9,Root Knot Nematode,"Meloidogyne incognita, M. javanica",Nematode,Tomato,"Tomato, Pepper, Cucumber, Beans, and 2,000+ other plant species",High,Up to 80% yield loss in heavily infested sandy soils.,Tropical and subtropical regions worldwide,"Sandy soils, temperatures 25-30°C, high soil moisture","Wilting during hot hours, poor plant vigor, chlorosis resembling nutrient deficiency","Typical galls (root knots) on roots when pulled, stunted growth, reduced yield",Roots,"Females lay eggs in soil. Juveniles penetrate roots, induce gall formation. Multiple generations per season.",21-30 days to complete one generation,"Marigold intercropping (Tagetes sp.), neem cake soil application, Paecilomyces lilacinus, Pochonia chlamydosporia","Carbofuran 3G (33kg/ha soil application), Ethoprophos 10G granules, Oxamyl","Purpureocillium lilacinum, Trichoderma harzianum, Bacillus firmus","Crop rotation with non-host crops (maize, cereals), soil solarization, use resistant varieties (Mi-gene)",Soil treatment at planting and 30 DAS,Suppression over 1-2 seasons,60,2026-06-26 15:47:47.240666
10,Rice Blast,Pyricularia oryzae (Magnaporthe oryzae),Fungal,Rice,"Rice, Barley, Wheat, Foxtail millet",Critical,Most destructive rice disease globally. Causes 10-30% annual losses; can cause up to 100% loss.,85+ countries globally,"Night temperatures 17-22°C, leaf wetness > 10 hours, high humidity, excess nitrogen",Spindle-shaped (diamond) lesions on leaves with gray-white center and dark brown to reddish-brown margins,Neck rot: lesion at panicle neck causes the head to break and hang down (Neck Blast). Grain blast: empty chaffy grains. Node blast: dark lesions at stem nodes.,"Leaves, Nodes, Panicle Neck, Grains","Conidia spread by wind; infection requires 10+ hours leaf wetness. Overwinters in infected debris, volunteer rice, and alternate hosts.",4-5 days at 25°C,"Spray Pseudomonas fluorescens (1% w/v), seed treatment with Trichoderma, avoid excess nitrogen","Tricyclazole 75% WP (0.6g/L), Isoprothiolane 40% EC (1.5ml/L), Kasugamycin 3% SL (1.5ml/L), Azoxystrobin","Pseudomonas fluorescens, Bacillus subtilis, Trichoderma harzianum","Use blast-resistant varieties (BPT 5204, Swarna Sub1), balanced N fertilization, wider spacing for air circulation, destroy stubble",At tillering and booting stages; repeat at 10-14 day intervals if disease pressure continues,12-15 days with systemic fungicide,14,2026-06-26 15:47:47.240666
11,Bacterial Leaf Blight (BLB),Xanthomonas oryzae pv. oryzae,Bacterial,Rice,"Rice (primary), wild Oryza species",High,Causes 20-30% yield loss in susceptible varieties; up to 70% in severe epidemics.,"Asia, West Africa, Australia","High temperature (25-34°C), high humidity, wind, flooding, heavy nitrogen fertilization","Water-soaked to yellowish stripes along leaf margins, turning white to grayish, 'Kresek' phase in young seedlings (complete wilting)","Milky, opaque bacterial exudate (dried beads) visible in morning on leaf tips, pale yellow 'straw' leaves, withered diseased panicles","Leaves, growing tips","Enters through water pores (hydathodes) and wounds. Spread by rain splash, floodwater, and wind. Overwinters in infected stubble and wild rice.",7-14 days,Drain fields; copper hydroxide (2g/L) as weak bactericide spray,Streptomycin + Tetracycline combination (limited effectiveness); Copper oxychloride preventively,Pseudomonas fluorescens (preventive soil and foliar treatment),"Plant resistant varieties (IR64, Swarna), avoid excessive nitrogen, drain infected fields, destroy stubble",Copper sprays every 10 days in high-risk periods,Suppression; no cure for infected plants,,2026-06-26 15:47:47.240667
12,Sheath Blight,Rhizoctonia solani AG1-IA,Fungal,Rice,"Rice, Maize, Soybean, Sugarcane, and many other crops",High,Second most important rice disease after blast. Causes 20-50% yield loss in high-density plantings.,"Worldwide, especially tropical Asia","High humidity, temperatures 28-32°C, dense canopy, high nitrogen, standing water",Oval to elliptical greenish-gray lesions with white-gray interior and brownish border on leaf sheaths at water level,"Lesions coalesce and extend to upper leaves, white mycelial growth and brown sclerotia visible, complete sheath and leaf death","Leaf sheaths (primarily), Leaves, Stem",Survives as sclerotia in soil and crop debris. Sclerotia float to base of plants and initiate infection. Spreads upward under humid conditions.,3-4 days,"Trichoderma harzianum or T. viride soil application (2.5 kg/ha), Pseudomonas fluorescens spray","Hexaconazole 5% EC (1ml/L), Propiconazole 25% EC (1ml/L), Validamycin 3% L (2ml/L), Carbendazim (1g/L)","Trichoderma harzianum, Bacillus subtilis","Reduce plant density, lower nitrogen, drain standing water, use resistant varieties","At tillering, repeat at 10-14 day intervals in humid conditions",14-21 days,14,2026-06-26 15:47:47.240667
13,Brown Spot,Helminthosporium oryzae (Bipolaris oryzae),Fungal,Rice,"Rice, Corn, Sorghum, Sugarcane",Medium,Contributed to Great Bengal Famine (1943). Causes 5-45% yield loss.,"Worldwide, worse in nutrient-deficient soils","Temperatures 25-30°C, high humidity, nutrient-deficient (especially potassium) soils","Small, oval to circular spots on leaves with yellow halo; dark brown margins and lighter centers","Spots enlarge to typical oval brown spots, leaves yellow and die; glume discoloration leading to pecky rice","Leaves, Grain (glumes)",Seed-borne; spreads by conidia through wind and rain. Survives in infected seeds and crop debris.,5-6 days,"Trichoderma seed treatment, adequate potassium nutrition","Mancozeb 75% WP (2g/L), Propiconazole 25% EC (1ml/L), Iprodione (1.5g/L)",Trichoderma viride seed treatment,"Treat seeds with fungicide, correct soil nutrition (especially K and Si), use certified seeds, crop rotation",2-3 sprays during crop season,10-14 days,14,2026-06-26 15:47:47.240667
14,False Smut,Ustilaginoidea virens,Fungal,Rice,Rice,Low,Reduces grain quality and weight by 2-15%. Produces toxic ustiloxins.,"All rice-growing areas, especially with high humidity at flowering","High humidity and rainfall during heading and flowering stage, temperatures 25-35°C",Individual spikelets converted to small velvet-like greenish balls,"Balls enlarge to 10mm diameter, becoming orange-yellow then olive-green with black powdery spores, scattered through panicle",Grain/Spikelets,Infection during flowering stage. Spores survive in soil and air. Spreads by wind.,"Infection at flowering, visible at maturity",Propiconazole-based sprays at booting stage,Propiconazole 25% EC (1ml/L) or Azoxystrobin at booting stage,No effective biological control,"Spray preventive fungicide at booting stage, avoid late planting, balanced nutrition",One spray at booting stage,Prevention only; affected grains cannot be treated,21,2026-06-26 15:47:47.240668
15,Stripe Rust (Yellow Rust),Puccinia striiformis f. sp. tritici,Fungal,Wheat,"Wheat, Barley, Triticale, wild grasses",High,Can cause 70% yield loss. Major rust affecting wheat in cool humid regions.,"Worldwide, especially in cooler regions","Cool temperatures (7-15°C), morning dew, high humidity",Stripe of yellow-orange uredia arranged in rows along leaf veins on upper leaf surface,"Extensive yellowing of leaves, black teliospores in stripes, reduced grain fill, shriveled kernels","Leaves, Leaf sheaths, Glumes",Obligate parasite; spreads by wind-borne urediniospores. Overwinters on living green tissue. Long-distance spread by wind.,9-10 days at optimal temperature,Wettable sulfur preventively; no effective organic cure,"Propiconazole 25% EC (1ml/L), Tebuconazole 250 EW (1ml/L), Azoxystrobin + Propiconazole",Limited; Trichoderma as preventive,"Plant resistant varieties (HD-3226, WH1105), timely sowing to escape high-risk period, prophylactic fungicide at flag leaf stage",One spray at flag leaf + repeat 14 days later if severe,10-14 days,21,2026-06-26 15:47:47.240668
16,Stem Rust (Black Rust),Puccinia graminis f. sp. tritici,Fungal,Wheat,"Wheat, Barley, Rye, many grasses",Critical,Ug99 race caused international alarm in 2000s; can cause near-total crop failure.,Worldwide,"Warm temperatures (18-30°C), high humidity, dew",Brick-red oval to elongated blisters (pustules) on stems and leaves that rupture releasing reddish-brown powdery spores,"Black teliospore pustules in late season, lodging of stems, shriveled grain","Stems, Leaves, Leaf sheaths, Glumes",Two-host cycle: Puccinia graminis requires barberry (Berberis sp.) as alternate host for sexual recombination. Urediniospores spread by wind.,8-14 days,Wettable sulfur; remove barberry bushes from fields,"Propiconazole 25% EC (1ml/L), Tebuconazole (1ml/L), at first sign of infection",No effective biological control for field use,"Rust-resistant varieties, eradicate barberry, prophylactic fungicide in Ug99-risk areas","At first sign, repeat after 14 days",10-14 days,21,2026-06-26 15:47:47.240668
17,Loose Smut,Ustilago tritici,Fungal,Wheat,Wheat,Medium,Causes 5-30% yield loss. Entire head is replaced by black smut mass.,Worldwide,"Cool moist conditions during flowering, moderate temperatures",Diseased plants emerge earlier; infected ear with black spore mass instead of grain,"Complete head replaced by black teliospore mass that disperses, leaving bare rachis",Ear/Panicle,Seed-borne; mycelium is dormant in seed embryo. Infection occurs at flowering. No external symptoms until next season.,Entire growing season (symptom appears at heading of next crop),Hot water seed treatment (52°C for 10 minutes),"Carboxin + Thiram seed treatment (2g/kg seed), Tebuconazole seed treatment",Trichoderma viride seed treatment,"Use certified smut-free seeds, systemic seed treatment fungicides, plant resistant varieties",Seed treatment before sowing,Not applicable (seed treatment prevents disease),,2026-06-26 15:47:47.240669
18,Powdery Mildew (Wheat),Blumeria graminis f. sp. tritici,Fungal,Wheat,Wheat (host-specific),Medium,Causes 5-40% yield loss in cool humid conditions.,"Worldwide, especially cool humid regions","Cool temperatures (15-22°C), moderate humidity, dense crop canopy",White fluffy powdery patches on upper leaf surface of lower leaves,"White-gray coating on all green parts, yellowing and drying of leaves, cleistothecia (black dots) visible in old patches","Leaves, Stems, Leaf sheaths",Obligate parasite; spreads by airborne conidia. Overwinters as cleistothecia on straw.,5-7 days,"Wettable sulfur (3g/L), potassium bicarbonate","Propiconazole 25% EC (1ml/L), Triadimefon 25% WP (1g/L), Azoxystrobin",Ampelomyces quisqualis,"Resistant varieties, avoid dense planting, balanced nitrogen, timely fungicide sprays","At first signs, repeat after 14 days",10-14 days,21,2026-06-26 15:47:47.240669
19,Northern Corn Leaf Blight (NCLB),Exserohilum turcicum (Setosphaeria turcica),Fungal,Maize,"Maize, Sorghum, Sudan grass",High,Causes 10-50% yield loss. Major foliar disease in warm humid maize regions.,Worldwide in humid maize-growing regions,"Temperatures 18-27°C, prolonged dew periods, high humidity",Long (5-15cm) elliptical tan to grayish-green lesions with wavy margins on lower leaves,"Extensive leaf blighting from bottom of plant upward, dark olive-green spore mass on lesions in humid conditions",Leaves,Overwinters in infected crop debris. Conidia spread by wind and rain. Multiple infection cycles per season.,7-12 days,Copper-based fungicides preventively,"Azoxystrobin + Propiconazole (Quilt Xcel 1L/ha), Propiconazole alone (1ml/L)",Bacillus amyloliquefaciens,"Resistant hybrids, crop rotation, remove infected debris, timely planting",At VT/R1 stage (tasseling) preventively; repeat if disease pressure,14-21 days,21,2026-06-26 15:47:47.240669
20,Maize Lethal Necrosis (MLN),Maize chlorotic mottle virus (MCMV) + Potyviruses,Viral,Maize,"Maize, Sorghum, some grasses",Critical,Can cause 100% yield loss. Emerging disease devastating East African maize belts since 2011.,"East Africa (Kenya, Uganda, Tanzania, Ethiopia), Asia (China, Thailand)","High thrips, aphid, beetle populations; monoculture farming systems",Chlorotic (yellow) streaks and mottling on younger leaves; pale green to yellow leaf discoloration,"Complete necrosis of all leaves from leaf tip, brown papery leaves, ear rot, premature death","All plant parts, especially leaves and ears","MCMV transmitted by thrips, beetles, aphids; SCMV/WSMV transmitted by aphids. Synergistic interaction causes lethal necrosis.",14-21 days,"No cure; control insect vectors with neem oil, reflective mulch","No direct treatment; insecticides for vector control (Imidacloprid, Thiamethoxam)",No effective biological treatment,"Plant MLN-tolerant/resistant varieties, control thrips and aphids, crop rotation, early planting, remove infected plants",Vector control every 7-10 days in high-pressure periods,No recovery; remove infected plants,,2026-06-26 15:47:47.240670
21,Gray Leaf Spot,Cercospora zeae-maydis,Fungal,Maize,Maize,High,Major disease in high-elevation maize areas. 10-50% yield reduction.,"Worldwide, especially Africa, USA Corn Belt, Latin America","Warm humid weather, extended leaf wetness, minimum tillage, dense canopy","Small, irregular tan spots with yellow halos, mainly on lower leaves","Elongated, rectangular, grayish-tan lesions limited by leaf veins, covering entire leaf",Leaves,Overwinters in infected corn debris. Conidia spread by wind. Minimum tillage increases disease risk.,14-21 days,Copper-based sprays preventively,"Azoxystrobin, Propiconazole, Pyraclostrobin at tasseling stage",Bacillus subtilis,"Hybrid resistance, crop rotation, tillage to bury debris, fungicide at VT/R1",Preventive spray at VT stage,14-21 days,21,2026-06-26 15:47:47.240670
22,Late Blight (Potato),Phytophthora infestans,Oomycete,Potato,"Potato, Tomato",Critical,World's most economically important plant disease. Caused Irish Potato Famine. Global annual losses > $10 billion.,Worldwide,"Cool (10-20°C), wet weather, humidity >90%, dew","Water-soaked pale green spots on leaves, white sporulation on underside in humid conditions","Dark brown-black lesions on leaves, brown rots on stems, rapid spread of entire field collapse, tuber rot (brown-red internal)","Leaves, Stems, Tubers",Survives as oospores in soil and in infected tubers. Spreads by zoospores and sporangia. Wind dispersal over long distances.,2-4 days under optimal conditions,"Copper hydroxide (2.5-3g/L) preventively, Bordeaux mixture, avoid excessive irrigation","Metalaxyl-M + Mancozeb 2.5g/L, Dimethomorph + Mancozeb, Cymoxanil + Famoxadone, Fluopicolide","Bacillus subtilis QST713, Bacillus amyloliquefaciens","Plant resistant varieties (Kufri Bahar, Jyoti), use certified disease-free seed tubers, apply fungicide before first rains, destroy volunteer plants",Every 5-7 days during high-risk weather (Blitecast model advisory),Preventive only; infected plants rarely recover,7,2026-06-26 15:47:47.240670
23,Common Scab,Streptomyces scabies,Bacterial (Actinomycete),Potato,"Potato, Beet, Radish, Carrot",Medium,Reduces tuber quality and marketability by 10-40%.,"Worldwide, especially alkaline sandy soils","Alkaline soils (pH > 5.5), dry soil during tuber initiation, temperatures 20-22°C",No visible early symptoms on foliage,"Brown corky scab lesions (raised, sunken, or russeted) on tuber surface; external quality defect only",Tubers (surface),"Soil-borne bacteria, survive indefinitely. Infection during early tuber formation through lenticels and wounds.",14-30 days from tuber initiation,"Soil acidification (sulfur), crop rotation, adequate irrigation during tuber formation","Quintozene PCNB seed treatment (limited), Flutolanil seed treatment","Fluorescent Pseudomonas, Bacillus subtilis soil inoculants","Lower soil pH to 5.0-5.5, maintain soil moisture during tuber initiation, rotate with non-susceptible crops (cereals), use scab-resistant varieties",Management practices; no effective spray treatment,Prevention focus,,2026-06-26 15:47:47.240671
24,Anthracnose,Colletotrichum gloeosporioides,Fungal,Mango,"Mango, Papaya, Avocado, many tropical fruits",High,Most important post-harvest mango disease; causes 30-80% market loss.,All tropical and subtropical mango-growing regions,"High humidity, rainfall, temperatures 25-30°C, especially during flowering and fruit development","Dark brown to black spots on young leaves, flowers, and immature fruits; 'blossom blight' killing flower clusters","Sunken, dark brown lesions on mature fruits that expand rapidly post-harvest; fruit rot; complete flower destruction","Leaves, Flowers, Young Shoots, Fruit",Survives in infected twigs and mummified fruits. Conidia spread by rain and dew. Quiescent infection in unripe fruit activated during ripening.,7-14 days,"Copper oxychloride 3g/L, neem oil + copper, hot water dip 52°C for 5 minutes (post-harvest)","Carbendazim 0.1% + Mancozeb 0.25% spray, Azoxystrobin + Difenoconazole, Propiconazole 0.1%","Trichoderma, Bacillus subtilis, Pseudomonas fluorescens","Prune dead wood, copper spray before flowering, proper post-harvest handling (hot water), waxing, cold chain",3-4 sprays during flowering and fruit development; every 10-14 days,Prevention focus; treat within 1-2 days post-harvest,7,2026-06-26 15:47:47.240671
25,Powdery Mildew (Mango),Oidium mangiferae,Fungal,Mango,Mango,High,Destroys 10-80% of flowers; critical during mango flowering season.,All mango-growing regions,"Dry weather with low humidity at night, temperatures 10-20°C at night, 25-35°C during day (classic powdery mildew conditions)","White powdery coating on young leaves, flower clusters, and young fruits","Complete whitening of panicles, flower drop, young fruit drop, malformed surviving fruits","Young Leaves, Flowers (panicles), Young Fruits",Spreads by airborne conidia. Favored by dry nights and warm days during flowering season.,7-10 days,Wettable sulfur 3g/L at bud break; diluted milk spray (1:5); potassium bicarbonate,"Triadimefon 25% WP (1g/L), Hexaconazole 5% EC (2ml/L), Propiconazole 25% EC (1ml/L), Myclobutanil","Bacillus subtilis, Ampelomyces quisqualis","First spray at bud emergence, second at fruit set; avoid overhead irrigation; morning sprays",3 sprays at 15-day intervals during flowering season,7-10 days with treatment,21,2026-06-26 15:47:47.240671
26,Mango Malformation Disease (MMD),Fusarium mangiferae,Fungal,Mango,Mango,High,Infected trees produce no marketable fruits; economically devastating especially in India and Egypt.,"India, Pakistan, Egypt, South Africa, USA, Brazil","Cool weather, high humidity, specific Fusarium strains",Vegetative malformation: bunchy top appearance with compacted proliferation of shoots ('mango witches' broom'),"Floral malformation: panicle conversion to compact, sterile, green vegetative structure; no fruits formed","Shoot tips, Flower panicles","Systemically infects vascular tissue. Spread by infected scion material, mite vectors (Aceria mangiferae), and contaminated tools.",Months to years (systemic),Remove and burn malformed parts; control mites with acaricides,NAA (Naphthaleneacetic acid) 200ppm spray + Carbendazim (0.1%) at panicle emergence,No effective biological control,"Use disease-free planting material, certified nursery plants, deinfest cutting tools, control mite vectors",Pruning and NAA spray at panicle initiation,Partial control; severely affected trees may need replacement,30,2026-06-26 15:47:47.240672
27,Panama Wilt (Fusarium Wilt of Banana),Fusarium oxysporum f. sp. cubense (TR4),Fungal,Banana,"Banana, Plantain",Critical,TR4 strain virtually eliminated Gros Michel variety globally. Threatens Cavendish. No effective cure.,Worldwide,"Warm soils, pH 4.5-6.0, poor drainage, 24-34°C","Yellowing of older outer leaves, leaf collapse, starting from leaf margins; brown streaking in pseudostem when cut","Complete plant collapse, pseudostem brown-red internal discoloration from base upward, no fruit production","Roots, Pseudostem (vascular), Leaves",Soil-borne chlamydospores survive for decades. Enter through roots. Clog xylem vessels. Spreads through soil water and contaminated tools.,Weeks to months depending on race and soil,"No cure. Soil solarization, biological soil amendments (Trichoderma, compost)",No effective chemical treatment,"Trichoderma koningii, T. harzianum as suppressants","Strict quarantine, plant resistant varieties (GCTCV-218 for TR4), clean tools with bleach, avoid infected soil movement",Preventive soil treatment only,No recovery; replant with resistant varieties,,2026-06-26 15:47:47.240672
28,Black Sigatoka (Black Leaf Streak),Pseudocercospora fijiensis,Fungal,Banana,"Banana, Plantain",High,"Without fungicide, can reduce banana yield by 35-50%. Increases fungicide cost by $1000/ha/year.",Most banana-growing areas worldwide,"High humidity, rainfall, temperatures 27-30°C",Tiny pale yellow flecks on lower leaf surface that elongate into brown streaks,Brown-black elongated lesions with yellow halo on upper leaf surface; premature defoliation; green fruit ripening prematurely,Leaves,Spores (conidia and ascospores) spread by wind and rain. Multiple infection cycles per season. Develops resistance to fungicides rapidly.,25-50 days,"Copper oxychloride (2-3g/L) sprays, oil-based copper formulations; remove infected leaves","Systemic fungicides on rotation: Propiconazole, Tebuconazole, Fenbuconazole, Chlorothalonil; resistance management essential",No effective biocontrol registered,"Resistant varieties, remove lower infected leaves (deleafing), reduce humidity with good drainage and canopy management",12-24 sprays per year depending on disease pressure,Ongoing management; no cure,7,2026-06-26 15:47:47.240672
29,Cotton Leaf Curl Virus Disease (CLCuD),Cotton leaf curl Multan virus (CLCuMV) + betasatellite,Viral,Cotton,"Cotton, Okra, Hibiscus, Tomato",Critical,Devastated Pakistan cotton industry in 1992-93 causing 30% production loss. Ongoing threat to South Asia.,"Pakistan, India, Nigeria, Sudan","High whitefly populations, temperatures 25-35°C","Upward curling of leaves, vein thickening, enations (leaf-like outgrowths) on underside of leaves","Severe stunting, dark green thickened curled leaves, no boll formation, plant death","Leaves, Entire plant",Transmitted by whitefly (Bemisia tabaci) in persistent circulative manner. No mechanical or seed transmission.,14-21 days,"Control whiteflies with neem extract, reflective mulch, remove infected plants",Imidacloprid/Thiamethoxam soil application for whitefly control; Acetamiprid foliar spray,"Encarsia formosa, Beauveria bassiana for whitefly control","Resistant varieties (NIAB 846, CIM-499), control whiteflies strictly, remove infected plants, use insect-proof nets in nursery",Whitefly control every 7-10 days,No recovery; remove infected plants,,2026-06-26 15:47:47.240673
30,Damping Off,"Pythium spp., Rhizoctonia solani, Fusarium spp.",Fungal / Oomycete,All vegetable and field crops in seedling stage,All vegetable and field crops in seedling stage,High,Can destroy 50-100% of seedlings in affected nursery beds.,Worldwide,"Excess soil moisture, poor drainage, dense seeding, high humidity, cool conditions","Seeds fail to germinate (pre-emergence damping off), or seedlings collapse just below soil level (post-emergence)","Water-soaked 'pinched' stem at soil level, seedling falls over, dark discoloration at base","Stem base, Hypocotyl, Roots",Soil-borne pathogens; sporangia and oospores persist in soil. Activated by excess moisture.,1-3 days,"Chilled neem cake in soil, well-drained media, Trichoderma seed treatment, chamomile tea drench","Metalaxyl 35% DS seed treatment, Captan 50% WP seed treatment (2g/kg), copper sulfate soil drench","Trichoderma harzianum seed treatment, Pseudomonas fluorescens soil drench","Use sterile nursery media, avoid overwatering, thin seedlings, use well-drained trays, treat seeds before sowing",Soil treatment before sowing; drench after symptom appearance,Remove affected seedlings; re-sow treated seeds,,2026-06-26 15:47:47.240673
31,Crown Gall,Agrobacterium tumefaciens (Rhizobium radiobacter),Bacterial,"Rose, Fruit trees (apple, cherry, walnut), Grapes, more than 600 species","Rose, Fruit trees (apple, cherry, walnut), Grapes, more than 600 species",Medium,"Reduces tree lifespan, productivity by 20-50% in affected orchards.",Worldwide,"Wounds (from pruning, transplanting, frost damage), alkaline soils","Small, soft, round galls develop at crown (soil line) or on roots","Galls enlarge to large rough, brown, corky tumors; reduced plant vigor, stunting, increased susceptibility to other diseases","Crown, Roots, Stems",Soil-borne; bacterium transfers its own DNA (T-DNA) into plant cells causing tumor growth. Spreads through soil water and infected tools.,Weeks to months,Cut out galls; treat with Agrobacterium radiobacter strain K-84 (biocontrol) at planting,No effective post-infection treatment; copper bactericides preventively,Agrobacterium radiobacter strain K-84 / K-1026 biocontrol (prevents infection),"Avoid wounding, use K-84 dip on roots before planting, plant only certified gall-free material",Root dip at planting,No cure; prune and disinfect tools with bleach,,2026-06-26 15:47:47.240673
32,Botrytis Gray Mold,Botrytis cinerea,Fungal,"> 1000 plant species including grapes, strawberry, rose, tomato, lettuce, onion","> 1000 plant species including grapes, strawberry, rose, tomato, lettuce, onion",High,Second most important fungal plant pathogen worldwide (after Magnaporthe). Major greenhouse and soft fruit pathogen.,Worldwide,"Cool temperatures (15-20°C), high humidity >95%, damaged or senescent tissue","Water-soaked, brown lesions on petals, leaves, and stems; soft rot","Characteristic gray fluffy fungal sporulation covering lesions; blight of flowers, stem cankers, fruit rot (""ghost spot"" on tomato)","Flowers, Leaves, Stems, Fruit, Storage organs","Ubiquitous saprophyte; infects through wounds, senescent tissue. Gray conidial masses spread by air and handling. Sclerotia overwinter in soil.",2-4 days,"Remove infected tissue, improve air circulation, reduce humidity; Bacillus subtilis, Trichoderma spray","Iprodione (1.5g/L), Pyrimethanil (1ml/L), Fenhexamid (1g/L), Cyprodinil (0.5g/L). Rotate fungicides for resistance management.","Bacillus subtilis QST713 (Serenade), Trichoderma asperellum, Clonostachys rosea (Prestop)","Improve air circulation, avoid wounding, remove dead tissue, avoid waterlogging, maintain low humidity",Every 7-10 days under disease pressure; preventive at flowering,7-14 days with treatment,1,2026-06-26 15:47:47.240674
33,Sclerotinia Stem Rot (White Mold),Sclerotinia sclerotiorum,Fungal,"> 400 species: Canola, Soybean, Sunflower, Bean, Carrot, Celery","> 400 species: Canola, Soybean, Sunflower, Bean, Carrot, Celery",High,Major pathogen of oilseeds and legumes worldwide; 10-60% yield loss.,Worldwide temperate regions,"Cool temperatures (15-20°C), high humidity, wet soil, dense canopy","Water-soaked lesions on lower stems and branches; bleached, straw-colored stem tissue","White cottony mycelial growth inside and outside infected tissue, large hard black sclerotia (2-10mm) inside stem","Stem (basal), Branches, Pods/Siliques",Sclerotia survive in soil 3-5+ years. Apothecia (mushroom-like structures) release ascospores during flowering. Infection through flowers.,7-14 days,"Thiram-treated seeds, adequate plant spacing, crop rotation","Thiophanate-methyl (1g/L), Boscalid (0.5g/L), Iprodione, Fluazinam at early flowering",Coniothyrium minitans (Contans WG) — applied to soil to parasitize sclerotia,"Crop rotation (non-host crops for 3+ years), avoid dense planting, improve drainage",At early bloom; repeat once in 10-14 days,14-21 days,14,2026-06-26 15:47:47.240674
