id,kingdom,subkingdom,division,subdivision,class_name,subclass,order_name,family_name,subfamily,tribe,genus,species,common_name,botanical_name,author_citation,iucn_status,category,family_description,genera_species_count,created_at
1,Plantae,Viridaeplantae,Tracheophyta,Spermatophytina,Liliopsida,Commelinidae,Poales,Poaceae,Oryzoideae,,Oryza,sativa,Rice,Oryza sativa,L.,LC,Cereal,Grass family; cereals and grains - most economically important plant family,24,2026-06-26 15:47:47.232646
2,Plantae,Viridaeplantae,Tracheophyta,Spermatophytina,Liliopsida,Commelinidae,Poales,Poaceae,Pooideae,,Triticum,aestivum,Wheat,Triticum aestivum,L.,LC,Cereal,Grass family; cereals and grains - most economically important plant family,30,2026-06-26 15:47:47.232649
3,Plantae,Viridaeplantae,Tracheophyta,Spermatophytina,Liliopsida,Commelinidae,Poales,Poaceae,Panicoideae,,Zea,mays,Maize (Corn),Zea mays,L.,LC,Cereal,Grass family; cereals and grains - most economically important plant family,4,2026-06-26 15:47:47.232650
4,Plantae,Viridaeplantae,Tracheophyta,Spermatophytina,Liliopsida,Commelinidae,Poales,Poaceae,Pooideae,,Hordeum,vulgare,Barley,Hordeum vulgare,L.,LC,Cereal,Grass family; cereals and grains - most economically important plant family,32,2026-06-26 15:47:47.232650
5,Plantae,Viridaeplantae,Tracheophyta,Spermatophytina,Liliopsida,Commelinidae,Poales,Poaceae,Pooideae,,Avena,sativa,Oat,Avena sativa,L.,LC,Cereal,Grass family; cereals and grains - most economically important plant family,29,2026-06-26 15:47:47.232651
6,Plantae,Viridaeplantae,Tracheophyta,Spermatophytina,Liliopsida,Commelinidae,Poales,Poaceae,Panicoideae,,Sorghum,bicolor,Sorghum,Sorghum bicolor,(L.) Moench,LC,Cereal,Grass family; cereals and grains - most economically important plant family,31,2026-06-26 15:47:47.232651
7,Plantae,Viridaeplantae,Tracheophyta,Spermatophytina,Liliopsida,Commelinidae,Poales,Poaceae,Panicoideae,,Pennisetum,glaucum,Pearl Millet,Pennisetum glaucum,(L.) R.Br.,LC,Millet,Grass family; cereals and grains - most economically important plant family,140,2026-06-26 15:47:47.232651
8,Plantae,Viridaeplantae,Tracheophyta,Spermatophytina,Liliopsida,Commelinidae,Poales,Poaceae,Chloridoideae,,Eleusine,coracana,Finger Millet,Eleusine coracana,(L.) Gaertn.,LC,Millet,Grass family; cereals and grains - most economically important plant family,9,2026-06-26 15:47:47.232652
9,Plantae,Viridaeplantae,Tracheophyta,Spermatophytina,Liliopsida,Commelinidae,Poales,Poaceae,Panicoideae,,Setaria,italica,Foxtail Millet,Setaria italica,(L.) P.Beauv.,LC,Millet,Grass family; cereals and grains - most economically important plant family,140,2026-06-26 15:47:47.232652
10,Plantae,Viridaeplantae,Tracheophyta,Spermatophytina,Liliopsida,Commelinidae,Poales,Poaceae,Panicoideae,,Panicum,miliaceum,Proso Millet,Panicum miliaceum,L.,LC,Millet,Grass family; cereals and grains - most economically important plant family,450,2026-06-26 15:47:47.232652
11,Plantae,Viridaeplantae,Tracheophyta,Spermatophytina,Liliopsida,Commelinidae,Poales,Poaceae,Panicoideae,,Echinochloa,frumentacea,Barnyard Millet,Echinochloa frumentacea,Link,LC,Millet,Grass family; cereals and grains - most economically important plant family,50,2026-06-26 15:47:47.232653
12,Plantae,Viridaeplantae,Tracheophyta,Spermatophytina,Liliopsida,Commelinidae,Poales,Poaceae,Panicoideae,,Paspalum,scrobiculatum,Kodo Millet,Paspalum scrobiculatum,L.,LC,Millet,Grass family; cereals and grains - most economically important plant family,400,2026-06-26 15:47:47.232653
13,Plantae,Viridaeplantae,Tracheophyta,Spermatophytina,Liliopsida,Commelinidae,Poales,Poaceae,Panicoideae,,Panicum,sumatrense,Little Millet,Panicum sumatrense,Roth ex Roem. & Schult.,LC,Millet,Grass family; cereals and grains - most economically important plant family,450,2026-06-26 15:47:47.232653
14,Plantae,Viridaeplantae,Tracheophyta,Spermatophytina,Magnoliopsida,Caryophyllidae,Caryophyllales,Polygonaceae,Polygonoideae,,Fagopyrum,esculentum,Buckwheat,Fagopyrum esculentum,Moench,LC,Pseudocereal,Buckwheat/Dock family,25,2026-06-26 15:47:47.232654
15,Plantae,Viridaeplantae,Tracheophyta,Spermatophytina,Magnoliopsida,Caryophyllidae,Caryophyllales,Amaranthaceae,Chenopodioideae,,Chenopodium,quinoa,Quinoa,Chenopodium quinoa,Willd.,LC,Pseudocereal,"Amaranth family; includes beet, spinach, quinoa",200,2026-06-26 15:47:47.232654
16,Plantae,Viridaeplantae,Tracheophyta,Spermatophytina,Magnoliopsida,Caryophyllidae,Caryophyllales,Amaranthaceae,Amaranthoideae,,Amaranthus,hypochondriacus,Amaranth Grain,Amaranthus hypochondriacus,L.,LC,Pseudocereal,"Amaranth family; includes beet, spinach, quinoa",75,2026-06-26 15:47:47.232654
17,Plantae,Viridaeplantae,Tracheophyta,Spermatophytina,Liliopsida,Commelinidae,Poales,Poaceae,Pooideae,,Triticum,durum,Durum Wheat,Triticum durum,Desf.,LC,Cereal,Grass family; cereals and grains - most economically important plant family,30,2026-06-26 15:47:47.232655
18,Plantae,Viridaeplantae,Tracheophyta,Spermatophytina,Liliopsida,Commelinidae,Poales,Poaceae,Pooideae,,Secale,cereale,Rye,Secale cereale,L.,LC,Cereal,Grass family; cereals and grains - most economically important plant family,0,2026-06-26 15:47:47.232655
19,Plantae,Viridaeplantae,Tracheophyta,Spermatophytina,Liliopsida,Commelinidae,Poales,Poaceae,Pooideae,,Triticosecale,rimpaui,Triticale,Triticosecale rimpaui,Wittm.,LC,Cereal,Grass family; cereals and grains - most economically important plant family,0,2026-06-26 15:47:47.232655
20,Plantae,Viridaeplantae,Tracheophyta,Spermatophytina,Magnoliopsida,Rosidae,Fabales,Fabaceae,Faboideae,,Glycine,max,Soybean,Glycine max,(L.) Merr.,LC,Pulse,Legume/Pea family; world's second largest food plant family,18,2026-06-26 15:47:47.232656
21,Plantae,Viridaeplantae,Tracheophyta,Spermatophytina,Magnoliopsida,Rosidae,Fabales,Fabaceae,Faboideae,,Cicer,arietinum,Chickpea (Bengal Gram),Cicer arietinum,L.,LC,Pulse,Legume/Pea family; world's second largest food plant family,43,2026-06-26 15:47:47.232656
22,Plantae,Viridaeplantae,Tracheophyta,Spermatophytina,Magnoliopsida,Rosidae,Fabales,Fabaceae,Faboideae,,Lens,culinaris,Lentil,Lens culinaris,Medik.,LC,Pulse,Legume/Pea family; world's second largest food plant family,6,2026-06-26 15:47:47.232656
23,Plantae,Viridaeplantae,Tracheophyta,Spermatophytina,Magnoliopsida,Rosidae,Fabales,Fabaceae,Faboideae,,Cajanus,cajan,Pigeon Pea (Red Gram),Cajanus cajan,(L.) Millsp.,LC,Pulse,Legume/Pea family; world's second largest food plant family,32,2026-06-26 15:47:47.232657
24,Plantae,Viridaeplantae,Tracheophyta,Spermatophytina,Magnoliopsida,Rosidae,Fabales,Fabaceae,Faboideae,,Vigna,radiata,Mung Bean (Green Gram),Vigna radiata,(L.) R.Wilczek,LC,Pulse,Legume/Pea family; world's second largest food plant family,100,2026-06-26 15:47:47.232657
25,Plantae,Viridaeplantae,Tracheophyta,Spermatophytina,Magnoliopsida,Rosidae,Fabales,Fabaceae,Faboideae,,Vigna,mungo,Black Gram (Urad),Vigna mungo,(L.) Hepper,LC,Pulse,Legume/Pea family; world's second largest food plant family,100,2026-06-26 15:47:47.232657
26,Plantae,Viridaeplantae,Tracheophyta,Spermatophytina,Magnoliopsida,Rosidae,Fabales,Fabaceae,Faboideae,,Vigna,unguiculata,Cowpea,Vigna unguiculata,(L.) Walp.,LC,Pulse,Legume/Pea family; world's second largest food plant family,100,2026-06-26 15:47:47.232658
27,Plantae,Viridaeplantae,Tracheophyta,Spermatophytina,Magnoliopsida,Rosidae,Fabales,Fabaceae,Faboideae,,Phaseolus,vulgaris,Kidney Bean,Phaseolus vulgaris,L.,LC,Pulse,Legume/Pea family; world's second largest food plant family,80,2026-06-26 15:47:47.232658
28,Plantae,Viridaeplantae,Tracheophyta,Spermatophytina,Magnoliopsida,Rosidae,Fabales,Fabaceae,Faboideae,,Phaseolus,lunatus,Lima Bean,Phaseolus lunatus,L.,LC,Pulse,Legume/Pea family; world's second largest food plant family,80,2026-06-26 15:47:47.232658
29,Plantae,Viridaeplantae,Tracheophyta,Spermatophytina,Magnoliopsida,Rosidae,Fabales,Fabaceae,Faboideae,,Pisum,sativum,Field Pea,Pisum sativum,L.,LC,Pulse,Legume/Pea family; world's second largest food plant family,2,2026-06-26 15:47:47.232659
30,Plantae,Viridaeplantae,Tracheophyta,Spermatophytina,Magnoliopsida,Rosidae,Fabales,Fabaceae,Faboideae,,Vicia,faba,Faba Bean (Broad Bean),Vicia faba,L.,LC,Pulse,Legume/Pea family; world's second largest food plant family,140,2026-06-26 15:47:47.232659
31,Plantae,Viridaeplantae,Tracheophyta,Spermatophytina,Magnoliopsida,Rosidae,Fabales,Fabaceae,Faboideae,,Arachis,hypogaea,Groundnut (Peanut),Arachis hypogaea,L.,LC,Oilseed/Pulse,Legume/Pea family; world's second largest food plant family,80,2026-06-26 15:47:47.232659
32,Plantae,Viridaeplantae,Tracheophyta,Spermatophytina,Magnoliopsida,Rosidae,Fabales,Fabaceae,Faboideae,,Vigna,aconitifolia,Moth Bean,Vigna aconitifolia,(Jacq.) Marechal,LC,Pulse,Legume/Pea family; world's second largest food plant family,100,2026-06-26 15:47:47.232660
33,Plantae,Viridaeplantae,Tracheophyta,Spermatophytina,Magnoliopsida,Rosidae,Fabales,Fabaceae,Faboideae,,Macrotyloma,uniflorum,Horse Gram,Macrotyloma uniflorum,(Lam.) Verdc.,LC,Pulse,Legume/Pea family; world's second largest food plant family,0,2026-06-26 15:47:47.232660
34,Plantae,Viridaeplantae,Tracheophyta,Spermatophytina,Magnoliopsida,Rosidae,Fabales,Fabaceae,Faboideae,,Cyamopsis,tetragonoloba,Cluster Bean (Guar),Cyamopsis tetragonoloba,(L.) Taub.,LC,Pulse,Legume/Pea family; world's second largest food plant family,0,2026-06-26 15:47:47.232660
35,Plantae,Viridaeplantae,Tracheophyta,Spermatophytina,Magnoliopsida,Asteridae,Asterales,Asteraceae,Asteroideae,,Helianthus,annuus,Sunflower,Helianthus annuus,L.,LC,Oilseed,Daisy/Composite family; world's largest flowering plant family,70,2026-06-26 15:47:47.232661
36,Plantae,Viridaeplantae,Tracheophyta,Spermatophytina,Magnoliopsida,Rosidae,Brassicales,Brassicaceae,Brassiceae,,Brassica,napus,Rapeseed / Canola,Brassica napus,L.,LC,Oilseed,Mustard/Cabbage family; cruciferous vegetables,40,2026-06-26 15:47:47.232661
37,Plantae,Viridaeplantae,Tracheophyta,Spermatophytina,Magnoliopsida,Rosidae,Malvales,Malvaceae,Malvoideae,,Gossypium,hirsutum,Cotton,Gossypium hirsutum,L.,LC,Fiber/Oilseed,"Mallow family; cotton, hibiscus, cacao, durian",50,2026-06-26 15:47:47.232661
38,Plantae,Viridaeplantae,Tracheophyta,Spermatophytina,Magnoliopsida,Asteridae,Lamiales,Pedaliaceae,Sesameae,,Sesamum,indicum,Sesame,Sesamum indicum,L.,LC,Oilseed,,36,2026-06-26 15:47:47.232662
39,Plantae,Viridaeplantae,Tracheophyta,Spermatophytina,Magnoliopsida,Rosidae,Malpighiales,Euphorbiaceae,Acalyphoideae,,Ricinus,communis,Castor,Ricinus communis,L.,LC,Oilseed,"Spurge family; includes cassava, rubber, castor",1,2026-06-26 15:47:47.232662
40,Plantae,Viridaeplantae,Tracheophyta,Spermatophytina,Magnoliopsida,Rosidae,Malpighiales,Linaceae,Linoideae,,Linum,usitatissimum,Linseed / Flax,Linum usitatissimum,L.,LC,Fiber/Oilseed,,200,2026-06-26 15:47:47.232662
41,Plantae,Viridaeplantae,Tracheophyta,Spermatophytina,Liliopsida,Commelinidae,Arecales,Arecaceae,Arecoideae,,Elaeis,guineensis,Oil Palm,Elaeis guineensis,Jacq.,LC,Oilseed/Plantation,"Palm family; coconut, date, oil palm",2,2026-06-26 15:47:47.232663
42,Plantae,Viridaeplantae,Tracheophyta,Spermatophytina,Magnoliopsida,Rosidae,Malpighiales,Euphorbiaceae,Crotonoideae,,Jatropha,curcas,Jatropha (Biofuel),Jatropha curcas,L.,LC,Biofuel/Oilseed,"Spurge family; includes cassava, rubber, castor",175,2026-06-26 15:47:47.232663
43,Plantae,Viridaeplantae,Tracheophyta,Spermatophytina,Magnoliopsida,Rosidae,Brassicales,Brassicaceae,Brassiceae,,Brassica,nigra,Mustard (Black),Brassica nigra,(L.) K.Koch,LC,Oilseed/Spice,Mustard/Cabbage family; cruciferous vegetables,40,2026-06-26 15:47:47.232663
44,Plantae,Viridaeplantae,Tracheophyta,Spermatophytina,Magnoliopsida,Asteridae,Asterales,Asteraceae,Carduoideae,,Carthamus,tinctorius,Safflower,Carthamus tinctorius,L.,LC,Oilseed,Daisy/Composite family; world's largest flowering plant family,0,2026-06-26 15:47:47.232664
45,Plantae,Viridaeplantae,Tracheophyta,Spermatophytina,Liliopsida,Commelinidae,Poales,Poaceae,Panicoideae,,Saccharum,officinarum,Sugarcane,Saccharum officinarum,L.,LC,Sugar Crop,Grass family; cereals and grains - most economically important plant family,37,2026-06-26 15:47:47.232664
46,Plantae,Viridaeplantae,Tracheophyta,Spermatophytina,Magnoliopsida,Caryophyllidae,Caryophyllales,Amaranthaceae,Chenopodioideae,,Beta,vulgaris,Sugar Beet,Beta vulgaris subsp. vulgaris,L.,LC,Sugar Crop,"Amaranth family; includes beet, spinach, quinoa",6,2026-06-26 15:47:47.232664
47,Plantae,Viridaeplantae,Tracheophyta,Spermatophytina,Magnoliopsida,Asteridae,Asterales,Asteraceae,Eupatorieae,,Stevia,rebaudiana,Stevia,Stevia rebaudiana,Bertoni,LC,Sugar Crop,Daisy/Composite family; world's largest flowering plant family,0,2026-06-26 15:47:47.232665
48,Plantae,Viridaeplantae,Tracheophyta,Spermatophytina,Magnoliopsida,Rosidae,Malvales,Malvaceae,Grewioideae,,Corchorus,olitorius,Jute,Corchorus olitorius,L.,LC,Fiber Crop,"Mallow family; cotton, hibiscus, cacao, durian",0,2026-06-26 15:47:47.232665
49,Plantae,Viridaeplantae,Tracheophyta,Spermatophytina,Magnoliopsida,Rosidae,Rosales,Cannabaceae,Cannaboideae,,Cannabis,sativa,Hemp,Cannabis sativa,L.,LC,Fiber/Industrial,Hemp family; includes hemp and hops,0,2026-06-26 15:47:47.232665
50,Plantae,Viridaeplantae,Tracheophyta,Spermatophytina,Liliopsida,Lilianae,Asparagales,Asparagaceae,Agavoideae,,Agave,sisalana,Sisal,Agave sisalana,Perrine,LC,Fiber Crop,"Asparagus family; includes agave, yucca",208,2026-06-26 15:47:47.232666
51,Plantae,Viridaeplantae,Tracheophyta,Spermatophytina,Magnoliopsida,Asteridae,Gentianales,Rubiaceae,Ixoroideae,,Coffea,arabica,Coffee (Arabica),Coffea arabica,L.,EN,Beverage/Plantation,Coffee/Bedstraw family,125,2026-06-26 15:47:47.232666
52,Plantae,Viridaeplantae,Tracheophyta,Spermatophytina,Magnoliopsida,Asteridae,Gentianales,Rubiaceae,Ixoroideae,,Coffea,canephora,Coffee (Robusta),Coffea canephora,Pierre ex A.Froehner,LC,Beverage/Plantation,Coffee/Bedstraw family,125,2026-06-26 15:47:47.232666
53,Plantae,Viridaeplantae,Tracheophyta,Spermatophytina,Magnoliopsida,Asteridae,Ericales,Theaceae,Theoideae,,Camellia,sinensis,Tea,Camellia sinensis,(L.) Kuntze,LC,Beverage/Plantation,Tea family,119,2026-06-26 15:47:47.232667
54,Plantae,Viridaeplantae,Tracheophyta,Spermatophytina,Magnoliopsida,Rosidae,Malvales,Malvaceae,Byttnerioideae,,Theobroma,cacao,Cacao (Cocoa),Theobroma cacao,L.,LC,Beverage/Plantation,"Mallow family; cotton, hibiscus, cacao, durian",22,2026-06-26 15:47:47.232667
55,Plantae,Viridaeplantae,Tracheophyta,Spermatophytina,Magnoliopsida,Rosidae,Malpighiales,Euphorbiaceae,Crotonoideae,,Hevea,brasiliensis,Rubber Tree,Hevea brasiliensis,(Willd. ex A.Juss.) Müll.Arg.,LC,Plantation/Industrial,"Spurge family; includes cassava, rubber, castor",11,2026-06-26 15:47:47.232668
56,Plantae,Viridaeplantae,Tracheophyta,Spermatophytina,Magnoliopsida,Rosidae,Sapindales,Anacardiaceae,Anacardioideae,,Mangifera,indica,Mango,Mangifera indica,L.,LC,Fruit,Cashew/Mango family,69,2026-06-26 15:47:47.232668
57,Plantae,Viridaeplantae,Tracheophyta,Spermatophytina,Liliopsida,Commelinidae,Zingiberales,Musaceae,Musoideae,,Musa,acuminata,Banana,Musa acuminata,Colla,LC,Fruit,Banana family,70,2026-06-26 15:47:47.232668
58,Plantae,Viridaeplantae,Tracheophyta,Spermatophytina,Liliopsida,Commelinidae,Poales,Bromeliaceae,Bromelioideae,,Ananas,comosus,Pineapple,Ananas comosus,(L.) Merr.,LC,Fruit,Pineapple family,8,2026-06-26 15:47:47.232669
59,Plantae,Viridaeplantae,Tracheophyta,Spermatophytina,Magnoliopsida,Rosidae,Brassicales,Caricaceae,Caricaceae,,Carica,papaya,Papaya,Carica papaya,L.,LC,Fruit,Papaya family,22,2026-06-26 15:47:47.232669
60,Plantae,Viridaeplantae,Tracheophyta,Spermatophytina,Magnoliopsida,Rosidae,Rosales,Moraceae,Moroideae,,Artocarpus,heterophyllus,Jackfruit,Artocarpus heterophyllus,Lam.,LC,Fruit,"Mulberry family; includes fig, breadfruit, jackfruit",70,2026-06-26 15:47:47.232669
61,Plantae,Viridaeplantae,Tracheophyta,Spermatophytina,Magnoliopsida,Rosidae,Myrtales,Myrtaceae,Myrtoideae,,Psidium,guajava,Guava,Psidium guajava,L.,LC,Fruit,"Myrtle family; includes guava, eucalyptus, clove",100,2026-06-26 15:47:47.232669
62,Plantae,Viridaeplantae,Tracheophyta,Spermatophytina,Liliopsida,Commelinidae,Arecales,Arecaceae,Arecoideae,,Cocos,nucifera,Coconut,Cocos nucifera,L.,LC,Fruit/Plantation,"Palm family; coconut, date, oil palm",1,2026-06-26 15:47:47.232670
63,Plantae,Viridaeplantae,Tracheophyta,Spermatophytina,Liliopsida,Commelinidae,Arecales,Arecaceae,Arecoideae,,Phoenix,dactylifera,Date Palm,Phoenix dactylifera,L.,LC,Fruit,"Palm family; coconut, date, oil palm",14,2026-06-26 15:47:47.232670
64,Plantae,Viridaeplantae,Tracheophyta,Spermatophytina,Magnoliopsida,Rosidae,Myrtales,Lythraceae,Punicoideae,,Punica,granatum,Pomegranate,Punica granatum,L.,LC,Fruit,Loosestrife family; includes pomegranate and henna,2,2026-06-26 15:47:47.232670
65,Plantae,Viridaeplantae,Tracheophyta,Spermatophytina,Magnoliopsida,Caryophyllidae,Caryophyllales,Cactaceae,Cactoideae,,Selenicereus,undatus,Dragon Fruit (Pitaya),Selenicereus undatus,(Haw.) D.R.Hunt,LC,Fruit,Cactus family; succulent xerophytes,20,2026-06-26 15:47:47.232671
66,Plantae,Viridaeplantae,Tracheophyta,Spermatophytina,Magnoliopsida,Magnoliidae,Laurales,Lauraceae,Perseoideae,,Persea,americana,Avocado,Persea americana,Mill.,LC,Fruit,"Laurel family; avocado, cinnamon, bay laurel",200,2026-06-26 15:47:47.232671
67,Plantae,Viridaeplantae,Tracheophyta,Spermatophytina,Magnoliopsida,Asteridae,Ericales,Actinidiaceae,Actinidioideae,,Actinidia,deliciosa,Kiwifruit,Actinidia deliciosa,(A.Chev.) C.F.Liang & A.R.Ferguson,LC,Fruit,Kiwifruit family,54,2026-06-26 15:47:47.232671
68,Plantae,Viridaeplantae,Tracheophyta,Spermatophytina,Magnoliopsida,Rosidae,Sapindales,Sapindaceae,Sapindoideae,,Litchi,chinensis,Lychee,Litchi chinensis,Sonn.,LC,Fruit,"Soapberry family; includes lychee, longan, rambutan, maple",1,2026-06-26 15:47:47.232672
69,Plantae,Viridaeplantae,Tracheophyta,Spermatophytina,Magnoliopsida,Rosidae,Sapindales,Sapindaceae,Sapindoideae,,Dimocarpus,longan,Longan,Dimocarpus longan,Lour.,LC,Fruit,"Soapberry family; includes lychee, longan, rambutan, maple",3,2026-06-26 15:47:47.232672
70,Plantae,Viridaeplantae,Tracheophyta,Spermatophytina,Magnoliopsida,Rosidae,Sapindales,Sapindaceae,Sapindoideae,,Nephelium,lappaceum,Rambutan,Nephelium lappaceum,L.,LC,Fruit,"Soapberry family; includes lychee, longan, rambutan, maple",22,2026-06-26 15:47:47.232672
71,Plantae,Viridaeplantae,Tracheophyta,Spermatophytina,Magnoliopsida,Rosidae,Malvales,Malvaceae,Helicteroideae,,Durio,zibethinus,Durian,Durio zibethinus,D.Murray,LC,Fruit,"Mallow family; cotton, hibiscus, cacao, durian",30,2026-06-26 15:47:47.232673
72,Plantae,Viridaeplantae,Tracheophyta,Spermatophytina,Magnoliopsida,Rosidae,Malpighiales,Passifloraceae,Passifloroideae,,Passiflora,edulis,Passion Fruit,Passiflora edulis,Sims,LC,Fruit,Passion flower family,550,2026-06-26 15:47:47.232673
73,Plantae,Viridaeplantae,Tracheophyta,Spermatophytina,Magnoliopsida,Asteridae,Ericales,Sapotaceae,Mimusopoideae,,Manilkara,zapota,Sapodilla (Sapota),Manilkara zapota,(L.) P.Royen,LC,Fruit,"Sapodilla family; chicle, shea butter",85,2026-06-26 15:47:47.232673
74,Plantae,Viridaeplantae,Tracheophyta,Spermatophytina,Magnoliopsida,Rosidae,Rosales,Moraceae,Moroideae,,Ficus,carica,Fig,Ficus carica,L.,LC,Fruit,"Mulberry family; includes fig, breadfruit, jackfruit",850,2026-06-26 15:47:47.232674
75,Plantae,Viridaeplantae,Tracheophyta,Spermatophytina,Magnoliopsida,Rosidae,Rosales,Moraceae,Moroideae,,Morus,alba,Mulberry,Morus alba,L.,LC,Fruit,"Mulberry family; includes fig, breadfruit, jackfruit",16,2026-06-26 15:47:47.232674
76,Plantae,Viridaeplantae,Tracheophyta,Spermatophytina,Magnoliopsida,Magnoliidae,Magnoliales,Annonaceae,Annonoideae,,Annona,squamosa,Custard Apple,Annona squamosa,L.,LC,Fruit,Custard apple / Soursop family,166,2026-06-26 15:47:47.232674
77,Plantae,Viridaeplantae,Tracheophyta,Spermatophytina,Magnoliopsida,Magnoliidae,Magnoliales,Annonaceae,Annonoideae,,Annona,muricata,Soursop (Graviola),Annona muricata,L.,LC,Fruit,Custard apple / Soursop family,166,2026-06-26 15:47:47.232675
78,Plantae,Viridaeplantae,Tracheophyta,Spermatophytina,Magnoliopsida,Rosidae,Oxalidales,Oxalidaceae,Oxalidoideae,,Averrhoa,carambola,Star Fruit (Carambola),Averrhoa carambola,L.,LC,Fruit,Wood sorrel family; includes star fruit,2,2026-06-26 15:47:47.232675
79,Plantae,Viridaeplantae,Tracheophyta,Spermatophytina,Magnoliopsida,Rosidae,Malpighiales,Clusiaceae,Clusioideae,,Garcinia,mangostana,Mangosteen,Garcinia mangostana,L.,LC,Fruit,Mangosteen family (Guttiferae),400,2026-06-26 15:47:47.232675
80,Plantae,Viridaeplantae,Tracheophyta,Spermatophytina,Magnoliopsida,Rosidae,Rosales,Moraceae,Moroideae,,Artocarpus,altilis,Breadfruit,Artocarpus altilis,(Parkinson) Fosberg,LC,Fruit,"Mulberry family; includes fig, breadfruit, jackfruit",70,2026-06-26 15:47:47.232676
81,Plantae,Viridaeplantae,Tracheophyta,Spermatophytina,Magnoliopsida,Rosidae,Fabales,Fabaceae,Caesalpinioideae,,Tamarindus,indica,Tamarind,Tamarindus indica,L.,LC,Fruit/Spice,Legume/Pea family; world's second largest food plant family,0,2026-06-26 15:47:47.232676
82,Plantae,Viridaeplantae,Tracheophyta,Spermatophytina,Magnoliopsida,Rosidae,Myrtales,Myrtaceae,Myrtoideae,,Syzygium,cumini,Java Plum (Jamun),Syzygium cumini,(L.) Skeels,LC,Fruit,"Myrtle family; includes guava, eucalyptus, clove",1200,2026-06-26 15:47:47.232676
83,Plantae,Viridaeplantae,Tracheophyta,Spermatophytina,Magnoliopsida,Rosidae,Malpighiales,Phyllanthaceae,Phyllanthoideae,,Phyllanthus,emblica,Amla (Indian Gooseberry),Phyllanthus emblica,L.,LC,Fruit/Medicinal,,800,2026-06-26 15:47:47.232677
84,Plantae,Viridaeplantae,Tracheophyta,Spermatophytina,Magnoliopsida,Rosidae,Sapindales,Rutaceae,Aurantioideae,,Aegle,marmelos,Wood Apple (Bael),Aegle marmelos,(L.) Corrêa,LC,Fruit/Medicinal,Citrus family; all citrus fruits,0,2026-06-26 15:47:47.232677
85,Plantae,Viridaeplantae,Tracheophyta,Spermatophytina,Liliopsida,Commelinidae,Zingiberales,Musaceae,Musoideae,,Musa,paradisiaca,Banana (Plantain),Musa paradisiaca,L.,LC,Fruit,Banana family,70,2026-06-26 15:47:47.232677
86,Plantae,Viridaeplantae,Tracheophyta,Spermatophytina,Magnoliopsida,Rosidae,Sapindales,Rutaceae,Aurantioideae,,Citrus,sinensis,Sweet Orange,Citrus sinensis,(L.) Osbeck,LC,Fruit,Citrus family; all citrus fruits,25,2026-06-26 15:47:47.232678
87,Plantae,Viridaeplantae,Tracheophyta,Spermatophytina,Magnoliopsida,Rosidae,Sapindales,Rutaceae,Aurantioideae,,Citrus,limon,Lemon,Citrus limon,(L.) Osbeck,LC,Fruit,Citrus family; all citrus fruits,25,2026-06-26 15:47:47.232678
88,Plantae,Viridaeplantae,Tracheophyta,Spermatophytina,Magnoliopsida,Rosidae,Sapindales,Rutaceae,Aurantioideae,,Citrus,aurantiifolia,Lime,Citrus aurantiifolia,(Christm.) Swingle,LC,Fruit,Citrus family; all citrus fruits,25,2026-06-26 15:47:47.232678
89,Plantae,Viridaeplantae,Tracheophyta,Spermatophytina,Magnoliopsida,Rosidae,Sapindales,Rutaceae,Aurantioideae,,Citrus,reticulata,Mandarin / Tangerine,Citrus reticulata,Blanco,LC,Fruit,Citrus family; all citrus fruits,25,2026-06-26 15:47:47.232679
90,Plantae,Viridaeplantae,Tracheophyta,Spermatophytina,Magnoliopsida,Rosidae,Sapindales,Rutaceae,Aurantioideae,,Citrus,paradisi,Grapefruit,Citrus paradisi,Macfad.,LC,Fruit,Citrus family; all citrus fruits,25,2026-06-26 15:47:47.232679
91,Plantae,Viridaeplantae,Tracheophyta,Spermatophytina,Magnoliopsida,Rosidae,Sapindales,Rutaceae,Aurantioideae,,Citrus,maxima,Pomelo,Citrus maxima,(Burm.) Merr.,LC,Fruit,Citrus family; all citrus fruits,25,2026-06-26 15:47:47.232679
92,Plantae,Viridaeplantae,Tracheophyta,Spermatophytina,Magnoliopsida,Rosidae,Sapindales,Rutaceae,Aurantioideae,,Fortunella,japonica,Kumquat,Fortunella japonica,(Thunb.) Swingle,LC,Fruit,Citrus family; all citrus fruits,0,2026-06-26 15:47:47.232679
93,Plantae,Viridaeplantae,Tracheophyta,Spermatophytina,Magnoliopsida,Rosidae,Rosales,Rosaceae,Maloideae,,Malus,domestica,Apple,Malus domestica,Borkh.,LC,Fruit,"Rose family; includes apples, pears, cherries, plums, strawberries",55,2026-06-26 15:47:47.232680
94,Plantae,Viridaeplantae,Tracheophyta,Spermatophytina,Magnoliopsida,Rosidae,Rosales,Rosaceae,Maloideae,,Pyrus,communis,Pear,Pyrus communis,L.,LC,Fruit,"Rose family; includes apples, pears, cherries, plums, strawberries",87,2026-06-26 15:47:47.232680
95,Plantae,Viridaeplantae,Tracheophyta,Spermatophytina,Magnoliopsida,Rosidae,Rosales,Rosaceae,Amygdaloideae,,Prunus,persica,Peach,Prunus persica,(L.) Batsch,LC,Fruit,"Rose family; includes apples, pears, cherries, plums, strawberries",430,2026-06-26 15:47:47.232680
96,Plantae,Viridaeplantae,Tracheophyta,Spermatophytina,Magnoliopsida,Rosidae,Rosales,Rosaceae,Amygdaloideae,,Prunus,domestica,Plum,Prunus domestica,L.,LC,Fruit,"Rose family; includes apples, pears, cherries, plums, strawberries",430,2026-06-26 15:47:47.232681
97,Plantae,Viridaeplantae,Tracheophyta,Spermatophytina,Magnoliopsida,Rosidae,Rosales,Rosaceae,Amygdaloideae,,Prunus,avium,Cherry (Sweet),Prunus avium,(L.) L.,LC,Fruit,"Rose family; includes apples, pears, cherries, plums, strawberries",430,2026-06-26 15:47:47.232681
98,Plantae,Viridaeplantae,Tracheophyta,Spermatophytina,Magnoliopsida,Rosidae,Rosales,Rosaceae,Amygdaloideae,,Prunus,armeniaca,Apricot,Prunus armeniaca,L.,NT,Fruit,"Rose family; includes apples, pears, cherries, plums, strawberries",430,2026-06-26 15:47:47.232681
99,Plantae,Viridaeplantae,Tracheophyta,Spermatophytina,Magnoliopsida,Rosidae,Rosales,Rosaceae,Rosoideae,,Fragaria,ananassa,Strawberry,Fragaria x ananassa,Duchesne ex Rozier,LC,Fruit,"Rose family; includes apples, pears, cherries, plums, strawberries",20,2026-06-26 15:47:47.232682
100,Plantae,Viridaeplantae,Tracheophyta,Spermatophytina,Magnoliopsida,Rosidae,Vitales,Vitaceae,Vitoideae,,Vitis,vinifera,Grape,Vitis vinifera,L.,LC,Fruit,Grape family,79,2026-06-26 15:47:47.232682
101,Plantae,Viridaeplantae,Tracheophyta,Spermatophytina,Magnoliopsida,Asteridae,Ericales,Ericaceae,Vaccinioideae,,Vaccinium,corymbosum,Blueberry,Vaccinium corymbosum,L.,LC,Fruit,"Heath family; blueberries, cranberries, rhododendron",450,2026-06-26 15:47:47.232682
102,Plantae,Viridaeplantae,Tracheophyta,Spermatophytina,Magnoliopsida,Rosidae,Rosales,Rosaceae,Rosoideae,,Rubus,idaeus,Raspberry,Rubus idaeus,L.,LC,Fruit,"Rose family; includes apples, pears, cherries, plums, strawberries",750,2026-06-26 15:47:47.232683
103,Plantae,Viridaeplantae,Tracheophyta,Spermatophytina,Magnoliopsida,Rosidae,Rosales,Rosaceae,Rosoideae,,Rubus,fruticosus,Blackberry,Rubus fruticosus,L. agg.,LC,Fruit,"Rose family; includes apples, pears, cherries, plums, strawberries",750,2026-06-26 15:47:47.232683
104,Plantae,Viridaeplantae,Tracheophyta,Spermatophytina,Magnoliopsida,Asteridae,Ericales,Ericaceae,Vaccinioideae,,Vaccinium,macrocarpon,Cranberry,Vaccinium macrocarpon,Aiton,LC,Fruit,"Heath family; blueberries, cranberries, rhododendron",450,2026-06-26 15:47:47.232683
105,Plantae,Viridaeplantae,Tracheophyta,Spermatophytina,Magnoliopsida,Rosidae,Saxifragales,Grossulariaceae,Grossularioideae,,Ribes,uva-crispa,Gooseberry,Ribes uva-crispa,L.,LC,Fruit,,150,2026-06-26 15:47:47.232684
106,Plantae,Viridaeplantae,Tracheophyta,Spermatophytina,Magnoliopsida,Asteridae,Ericales,Ebenaceae,Ebenoideae,,Diospyros,kaki,Persimmon,Diospyros kaki,Thunb.,LC,Fruit,Ebony/Persimmon family,700,2026-06-26 15:47:47.232684
107,Plantae,Viridaeplantae,Tracheophyta,Spermatophytina,Magnoliopsida,Rosidae,Rosales,Rosaceae,Amygdaloideae,,Prunus,dulcis,Almond,Prunus dulcis,(Mill.) D.A.Webb,LC,Nut/Fruit,"Rose family; includes apples, pears, cherries, plums, strawberries",430,2026-06-26 15:47:47.232684
108,Plantae,Viridaeplantae,Tracheophyta,Spermatophytina,Magnoliopsida,Rosidae,Fagales,Juglandaceae,Juglandoideae,,Juglans,regia,Walnut,Juglans regia,L.,NT,Nut/Fruit,Walnut family,0,2026-06-26 15:47:47.232684
109,Plantae,Viridaeplantae,Tracheophyta,Spermatophytina,Magnoliopsida,Rosidae,Cucurbitales,Cucurbitaceae,Cucurbitoideae,,Citrullus,lanatus,Watermelon,Citrullus lanatus,(Thunb.) Matsum. & Nakai,LC,Fruit/Vegetable,"Gourd/Squash family; cucumbers, melons, pumpkins",4,2026-06-26 15:47:47.232685
110,Plantae,Viridaeplantae,Tracheophyta,Spermatophytina,Magnoliopsida,Rosidae,Cucurbitales,Cucurbitaceae,Cucurbitoideae,,Cucumis,melo,Muskmelon / Cantaloupe,Cucumis melo,L.,LC,Fruit/Vegetable,"Gourd/Squash family; cucumbers, melons, pumpkins",52,2026-06-26 15:47:47.232685
111,Plantae,Viridaeplantae,Tracheophyta,Spermatophytina,Magnoliopsida,Asteridae,Solanales,Solanaceae,Solanoideae,,Solanum,lycopersicum,Tomato,Solanum lycopersicum,L.,LC,Vegetable,"Nightshade family; tomato, potato, pepper, tobacco",1500,2026-06-26 15:47:47.232686
112,Plantae,Viridaeplantae,Tracheophyta,Spermatophytina,Magnoliopsida,Asteridae,Solanales,Solanaceae,Solanoideae,,Solanum,tuberosum,Potato,Solanum tuberosum,L.,LC,Vegetable,"Nightshade family; tomato, potato, pepper, tobacco",1500,2026-06-26 15:47:47.232686
113,Plantae,Viridaeplantae,Tracheophyta,Spermatophytina,Liliopsida,Lilianae,Asparagales,Amaryllidaceae,Allioideae,,Allium,cepa,Onion,Allium cepa,L.,LC,Vegetable,,920,2026-06-26 15:47:47.232686
114,Plantae,Viridaeplantae,Tracheophyta,Spermatophytina,Liliopsida,Lilianae,Asparagales,Amaryllidaceae,Allioideae,,Allium,sativum,Garlic,Allium sativum,L.,LC,Vegetable/Spice,,920,2026-06-26 15:47:47.232686
115,Plantae,Viridaeplantae,Tracheophyta,Spermatophytina,Liliopsida,Commelinidae,Zingiberales,Zingiberaceae,Zingiberoideae,,Zingiber,officinale,Ginger,Zingiber officinale,Roscoe,LC,Spice/Medicinal,"Ginger family; ginger, turmeric, cardamom",140,2026-06-26 15:47:47.232687
116,Plantae,Viridaeplantae,Tracheophyta,Spermatophytina,Liliopsida,Commelinidae,Zingiberales,Zingiberaceae,Zingiberoideae,,Curcuma,longa,Turmeric,Curcuma longa,L.,LC,Spice/Medicinal,"Ginger family; ginger, turmeric, cardamom",100,2026-06-26 15:47:47.232687
117,Plantae,Viridaeplantae,Tracheophyta,Spermatophytina,Magnoliopsida,Asteridae,Apiales,Apiaceae,Apioideae,,Daucus,carota,Carrot,Daucus carota,L.,LC,Vegetable,Carrot/Parsley family; umbellifers,25,2026-06-26 15:47:47.232687
118,Plantae,Viridaeplantae,Tracheophyta,Spermatophytina,Magnoliopsida,Rosidae,Brassicales,Brassicaceae,Brassiceae,,Raphanus,sativus,Radish,Raphanus sativus,L.,LC,Vegetable,Mustard/Cabbage family; cruciferous vegetables,3,2026-06-26 15:47:47.232688
119,Plantae,Viridaeplantae,Tracheophyta,Spermatophytina,Magnoliopsida,Rosidae,Brassicales,Brassicaceae,Brassiceae,,Brassica,rapa,Turnip,Brassica rapa,L.,LC,Vegetable,Mustard/Cabbage family; cruciferous vegetables,40,2026-06-26 15:47:47.232688
120,Plantae,Viridaeplantae,Tracheophyta,Spermatophytina,Magnoliopsida,Asteridae,Solanales,Convolvulaceae,Convolvuloideae,,Ipomoea,batatas,Sweet Potato,Ipomoea batatas,(L.) Lam.,LC,Vegetable,Morning glory family; sweet potato,650,2026-06-26 15:47:47.232688
121,Plantae,Viridaeplantae,Tracheophyta,Spermatophytina,Liliopsida,Lilianae,Dioscoreales,Dioscoreaceae,Dioscoreoideae,,Dioscorea,alata,Yam,Dioscorea alata,L.,LC,Vegetable,Yam family,870,2026-06-26 15:47:47.232689
122,Plantae,Viridaeplantae,Tracheophyta,Spermatophytina,Magnoliopsida,Rosidae,Malpighiales,Euphorbiaceae,Crotonoideae,,Manihot,esculenta,Cassava (Tapioca),Manihot esculenta,Crantz,LC,Vegetable/Tuber,"Spurge family; includes cassava, rubber, castor",100,2026-06-26 15:47:47.232689
123,Plantae,Viridaeplantae,Tracheophyta,Spermatophytina,Liliopsida,Alismatanae,Alismatales,Araceae,Aroideae,,Colocasia,esculenta,Taro (Arvi),Colocasia esculenta,(L.) Schott,LC,Vegetable/Tuber,"Arum family; includes taro, colocasia",25,2026-06-26 15:47:47.232689
124,Plantae,Viridaeplantae,Tracheophyta,Spermatophytina,Liliopsida,Alismatanae,Alismatales,Araceae,Aroideae,,Amorphophallus,paeoniifolius,Elephant Foot Yam,Amorphophallus paeoniifolius,(Dennst.) Nicolson,LC,Vegetable/Tuber,"Arum family; includes taro, colocasia",0,2026-06-26 15:47:47.232690
125,Plantae,Viridaeplantae,Tracheophyta,Spermatophytina,Magnoliopsida,Asteridae,Solanales,Solanaceae,Solanoideae,,Solanum,melongena,Brinjal (Eggplant),Solanum melongena,L.,LC,Vegetable,"Nightshade family; tomato, potato, pepper, tobacco",1500,2026-06-26 15:47:47.232690
126,Plantae,Viridaeplantae,Tracheophyta,Spermatophytina,Magnoliopsida,Asteridae,Solanales,Solanaceae,Solanoideae,,Capsicum,annuum,Chilli (Hot Pepper),Capsicum annuum,L.,LC,Vegetable/Spice,"Nightshade family; tomato, potato, pepper, tobacco",40,2026-06-26 15:47:47.232690
127,Plantae,Viridaeplantae,Tracheophyta,Spermatophytina,Magnoliopsida,Asteridae,Solanales,Solanaceae,Solanoideae,,Capsicum,annuum,Bell Pepper (Capsicum),Capsicum annuum var. grossum,(Willd.) Sendtn.,LC,Vegetable,"Nightshade family; tomato, potato, pepper, tobacco",40,2026-06-26 15:47:47.232691
128,Plantae,Viridaeplantae,Tracheophyta,Spermatophytina,Magnoliopsida,Rosidae,Malvales,Malvaceae,Malvoideae,,Abelmoschus,esculentus,Okra (Ladies Finger),Abelmoschus esculentus,(L.) Moench,LC,Vegetable,"Mallow family; cotton, hibiscus, cacao, durian",15,2026-06-26 15:47:47.232691
129,Plantae,Viridaeplantae,Tracheophyta,Spermatophytina,Magnoliopsida,Rosidae,Cucurbitales,Cucurbitaceae,Cucurbitoideae,,Cucumis,sativus,Cucumber,Cucumis sativus,L.,LC,Vegetable,"Gourd/Squash family; cucumbers, melons, pumpkins",52,2026-06-26 15:47:47.232691
130,Plantae,Viridaeplantae,Tracheophyta,Spermatophytina,Magnoliopsida,Rosidae,Cucurbitales,Cucurbitaceae,Cucurbitoideae,,Cucurbita,pepo,Pumpkin,Cucurbita pepo,L.,LC,Vegetable,"Gourd/Squash family; cucumbers, melons, pumpkins",15,2026-06-26 15:47:47.232691
131,Plantae,Viridaeplantae,Tracheophyta,Spermatophytina,Magnoliopsida,Rosidae,Cucurbitales,Cucurbitaceae,Cucurbitoideae,,Lagenaria,siceraria,Bottle Gourd (Lauki),Lagenaria siceraria,(Molina) Standl.,LC,Vegetable,"Gourd/Squash family; cucumbers, melons, pumpkins",6,2026-06-26 15:47:47.232692
132,Plantae,Viridaeplantae,Tracheophyta,Spermatophytina,Magnoliopsida,Rosidae,Cucurbitales,Cucurbitaceae,Cucurbitoideae,,Momordica,charantia,Bitter Gourd (Karela),Momordica charantia,L.,LC,Vegetable/Medicinal,"Gourd/Squash family; cucumbers, melons, pumpkins",60,2026-06-26 15:47:47.232692
133,Plantae,Viridaeplantae,Tracheophyta,Spermatophytina,Magnoliopsida,Rosidae,Cucurbitales,Cucurbitaceae,Cucurbitoideae,,Luffa,acutangula,Ridge Gourd (Turai),Luffa acutangula,(L.) Roxb.,LC,Vegetable,"Gourd/Squash family; cucumbers, melons, pumpkins",8,2026-06-26 15:47:47.232692
134,Plantae,Viridaeplantae,Tracheophyta,Spermatophytina,Magnoliopsida,Rosidae,Cucurbitales,Cucurbitaceae,Cucurbitoideae,,Trichosanthes,cucumerina,Snake Gourd,Trichosanthes cucumerina,L.,LC,Vegetable,"Gourd/Squash family; cucumbers, melons, pumpkins",100,2026-06-26 15:47:47.232693
135,Plantae,Viridaeplantae,Tracheophyta,Spermatophytina,Magnoliopsida,Rosidae,Cucurbitales,Cucurbitaceae,Cucurbitoideae,,Benincasa,hispida,Ash Gourd (Petha),Benincasa hispida,(Thunb.) Cogn.,LC,Vegetable,"Gourd/Squash family; cucumbers, melons, pumpkins",1,2026-06-26 15:47:47.232693
136,Plantae,Viridaeplantae,Tracheophyta,Spermatophytina,Magnoliopsida,Rosidae,Cucurbitales,Cucurbitaceae,Cucurbitoideae,,Coccinia,grandis,Ivy Gourd (Tindora),Coccinia grandis,(L.) Voigt,LC,Vegetable,"Gourd/Squash family; cucumbers, melons, pumpkins",30,2026-06-26 15:47:47.232693
137,Plantae,Viridaeplantae,Tracheophyta,Spermatophytina,Magnoliopsida,Caryophyllidae,Caryophyllales,Amaranthaceae,Chenopodioideae,,Spinacia,oleracea,Spinach,Spinacia oleracea,L.,LC,Vegetable,"Amaranth family; includes beet, spinach, quinoa",3,2026-06-26 15:47:47.232694
138,Plantae,Viridaeplantae,Tracheophyta,Spermatophytina,Magnoliopsida,Asteridae,Asterales,Asteraceae,Cichorioideae,,Lactuca,sativa,Lettuce,Lactuca sativa,L.,LC,Vegetable,Daisy/Composite family; world's largest flowering plant family,75,2026-06-26 15:47:47.232694
139,Plantae,Viridaeplantae,Tracheophyta,Spermatophytina,Magnoliopsida,Rosidae,Brassicales,Brassicaceae,Brassiceae,,Brassica,oleracea,Cabbage,Brassica oleracea var. capitata,L.,LC,Vegetable,Mustard/Cabbage family; cruciferous vegetables,40,2026-06-26 15:47:47.232694
140,Plantae,Viridaeplantae,Tracheophyta,Spermatophytina,Magnoliopsida,Rosidae,Brassicales,Brassicaceae,Brassiceae,,Brassica,oleracea,Broccoli,Brassica oleracea var. italica,Plenck,LC,Vegetable,Mustard/Cabbage family; cruciferous vegetables,40,2026-06-26 15:47:47.232695
141,Plantae,Viridaeplantae,Tracheophyta,Spermatophytina,Magnoliopsida,Rosidae,Brassicales,Brassicaceae,Brassiceae,,Brassica,oleracea,Cauliflower,Brassica oleracea var. botrytis,L.,LC,Vegetable,Mustard/Cabbage family; cruciferous vegetables,40,2026-06-26 15:47:47.232695
142,Plantae,Viridaeplantae,Tracheophyta,Spermatophytina,Magnoliopsida,Rosidae,Brassicales,Brassicaceae,Brassiceae,,Brassica,oleracea,Kale,Brassica oleracea var. acephala,DC.,LC,Vegetable,Mustard/Cabbage family; cruciferous vegetables,40,2026-06-26 15:47:47.232695
143,Plantae,Viridaeplantae,Tracheophyta,Spermatophytina,Magnoliopsida,Asteridae,Apiales,Apiaceae,Apioideae,,Apium,graveolens,Celery,Apium graveolens,L.,LC,Vegetable,Carrot/Parsley family; umbellifers,0,2026-06-26 15:47:47.232696
144,Plantae,Viridaeplantae,Tracheophyta,Spermatophytina,Magnoliopsida,Rosidae,Brassicales,Brassicaceae,Brassiceae,,Brassica,juncea,Mustard Greens (Sarson),Brassica juncea,(L.) Czern.,LC,Vegetable/Oilseed,Mustard/Cabbage family; cruciferous vegetables,40,2026-06-26 15:47:47.232696
145,Plantae,Viridaeplantae,Tracheophyta,Spermatophytina,Magnoliopsida,Rosidae,Fabales,Fabaceae,Faboideae,,Trigonella,foenum-graecum,Fenugreek (Methi),Trigonella foenum-graecum,L.,LC,Vegetable/Spice,Legume/Pea family; world's second largest food plant family,135,2026-06-26 15:47:47.232696
146,Plantae,Viridaeplantae,Tracheophyta,Spermatophytina,Liliopsida,Lilianae,Asparagales,Amaryllidaceae,Allioideae,,Allium,ampeloprasum,Leek,Allium ampeloprasum,L.,LC,Vegetable,,920,2026-06-26 15:47:47.232697
147,Plantae,Viridaeplantae,Tracheophyta,Spermatophytina,Liliopsida,Lilianae,Asparagales,Amaryllidaceae,Allioideae,,Allium,fistulosum,Spring Onion (Scallion),Allium fistulosum,L.,LC,Vegetable,,920,2026-06-26 15:47:47.232697
148,Plantae,Viridaeplantae,Tracheophyta,Spermatophytina,Magnoliopsida,Caryophyllidae,Caryophyllales,Amaranthaceae,Amaranthoideae,,Amaranthus,tricolor,Amaranth Leaves,Amaranthus tricolor,L.,LC,Vegetable,"Amaranth family; includes beet, spinach, quinoa",75,2026-06-26 15:47:47.232697
149,Plantae,Viridaeplantae,Tracheophyta,Spermatophytina,Magnoliopsida,Rosidae,Brassicales,Moringaceae,Moringoideae,,Moringa,oleifera,Moringa (Drumstick),Moringa oleifera,Lam.,LC,Vegetable/Medicinal/Tree,Moringa/Drumstick tree family,13,2026-06-26 15:47:47.232697
150,Plantae,Viridaeplantae,Tracheophyta,Spermatophytina,Magnoliopsida,Asteridae,Apiales,Apiaceae,Apioideae,,Coriandrum,sativum,Coriander (Cilantro),Coriandrum sativum,L.,LC,Herb/Spice,Carrot/Parsley family; umbellifers,2,2026-06-26 15:47:47.232698
151,Plantae,Viridaeplantae,Tracheophyta,Spermatophytina,Magnoliopsida,Magnoliidae,Piperales,Piperaceae,Piperoideae,,Piper,nigrum,Black Pepper,Piper nigrum,L.,LC,Spice,Pepper family,3000,2026-06-26 15:47:47.232698
152,Plantae,Viridaeplantae,Tracheophyta,Spermatophytina,Liliopsida,Commelinidae,Zingiberales,Zingiberaceae,Zingiberoideae,,Elettaria,cardamomum,Cardamom (Green),Elettaria cardamomum,(L.) Maton,LC,Spice,"Ginger family; ginger, turmeric, cardamom",7,2026-06-26 15:47:47.232698
153,Plantae,Viridaeplantae,Tracheophyta,Spermatophytina,Magnoliopsida,Magnoliidae,Laurales,Lauraceae,Lauroideae,,Cinnamomum,verum,Cinnamon,Cinnamomum verum,J.Presl,LC,Spice,"Laurel family; avocado, cinnamon, bay laurel",250,2026-06-26 15:47:47.232699
154,Plantae,Viridaeplantae,Tracheophyta,Spermatophytina,Magnoliopsida,Rosidae,Myrtales,Myrtaceae,Myrtoideae,,Syzygium,aromaticum,Clove,Syzygium aromaticum,(L.) Merr. & L.M.Perry,LC,Spice,"Myrtle family; includes guava, eucalyptus, clove",1200,2026-06-26 15:47:47.232699
155,Plantae,Viridaeplantae,Tracheophyta,Spermatophytina,Magnoliopsida,Magnoliidae,Magnoliales,Myristicaceae,Myristicoideae,,Myristica,fragrans,Nutmeg,Myristica fragrans,Houtt.,LC,Spice,,120,2026-06-26 15:47:47.232699
156,Plantae,Viridaeplantae,Tracheophyta,Spermatophytina,Liliopsida,Lilianae,Asparagales,Orchidaceae,Vanilloideae,,Vanilla,planifolia,Vanilla,Vanilla planifolia,Andrews,VU,Spice,Orchid family; world's largest plant family by species count,110,2026-06-26 15:47:47.232700
157,Plantae,Viridaeplantae,Tracheophyta,Spermatophytina,Magnoliopsida,Asteridae,Apiales,Apiaceae,Apioideae,,Cuminum,cyminum,Cumin,Cuminum cyminum,L.,LC,Spice,Carrot/Parsley family; umbellifers,4,2026-06-26 15:47:47.232700
158,Plantae,Viridaeplantae,Tracheophyta,Spermatophytina,Magnoliopsida,Asteridae,Apiales,Apiaceae,Apioideae,,Carum,carvi,Caraway,Carum carvi,L.,LC,Spice,Carrot/Parsley family; umbellifers,30,2026-06-26 15:47:47.232700
159,Plantae,Viridaeplantae,Tracheophyta,Spermatophytina,Magnoliopsida,Asteridae,Apiales,Apiaceae,Apioideae,,Trachyspermum,ammi,Ajwain (Carom),Trachyspermum ammi,(L.) Sprague,LC,Spice,Carrot/Parsley family; umbellifers,15,2026-06-26 15:47:47.232701
160,Plantae,Viridaeplantae,Tracheophyta,Spermatophytina,Magnoliopsida,Magnoliidae,Austrobaileyales,Schisandraceae,Illicioideae,,Illicium,verum,Star Anise,Illicium verum,Hook.f.,LC,Spice,,0,2026-06-26 15:47:47.232701
161,Plantae,Viridaeplantae,Tracheophyta,Spermatophytina,Liliopsida,Lilianae,Asparagales,Iridaceae,Iridoideae,,Crocus,sativus,Saffron,Crocus sativus,L.,LC,Spice,,0,2026-06-26 15:47:47.232701
162,Plantae,Viridaeplantae,Tracheophyta,Spermatophytina,Magnoliopsida,Asteridae,Apiales,Apiaceae,Apioideae,,Foeniculum,vulgare,Fennel,Foeniculum vulgare,Mill.,LC,Spice/Herb,Carrot/Parsley family; umbellifers,1,2026-06-26 15:47:47.232701
163,Plantae,Viridaeplantae,Tracheophyta,Spermatophytina,Magnoliopsida,Asteridae,Apiales,Apiaceae,Apioideae,,Anethum,graveolens,Dill,Anethum graveolens,L.,LC,Herb/Spice,Carrot/Parsley family; umbellifers,2,2026-06-26 15:47:47.232702
164,Plantae,Viridaeplantae,Tracheophyta,Spermatophytina,Magnoliopsida,Rosidae,Sapindales,Meliaceae,Meliaceae,,Azadirachta,indica,Neem,Azadirachta indica,A.Juss.,LC,Medicinal Tree,"Mahogany family; includes neem, toon",2,2026-06-26 15:47:47.232702
165,Plantae,Viridaeplantae,Tracheophyta,Spermatophytina,Magnoliopsida,Asteridae,Lamiales,Lamiaceae,Ocimeae,,Ocimum,tenuiflorum,Tulsi (Holy Basil),Ocimum tenuiflorum,L.,LC,Medicinal Herb,Mint/Sage family; aromatic herbs,65,2026-06-26 15:47:47.232702
166,Plantae,Viridaeplantae,Tracheophyta,Spermatophytina,Magnoliopsida,Asteridae,Lamiales,Lamiaceae,Mentheae,,Mentha,spicata,Mint (Spearmint),Mentha spicata,L.,LC,Herb,Mint/Sage family; aromatic herbs,18,2026-06-26 15:47:47.232703
167,Plantae,Viridaeplantae,Tracheophyta,Spermatophytina,Magnoliopsida,Asteridae,Lamiales,Lamiaceae,Mentheae,,Mentha,piperita,Peppermint,Mentha x piperita,L.,LC,Herb,Mint/Sage family; aromatic herbs,18,2026-06-26 15:47:47.232703
168,Plantae,Viridaeplantae,Tracheophyta,Spermatophytina,Magnoliopsida,Asteridae,Lamiales,Lamiaceae,Ocimeae,,Ocimum,basilicum,Sweet Basil,Ocimum basilicum,L.,LC,Herb,Mint/Sage family; aromatic herbs,65,2026-06-26 15:47:47.232703
169,Plantae,Viridaeplantae,Tracheophyta,Spermatophytina,Magnoliopsida,Asteridae,Lamiales,Lamiaceae,Mentheae,,Salvia,rosmarinus,Rosemary,Salvia rosmarinus,Spenn.,LC,Herb,Mint/Sage family; aromatic herbs,1000,2026-06-26 15:47:47.232704
170,Plantae,Viridaeplantae,Tracheophyta,Spermatophytina,Magnoliopsida,Asteridae,Lamiales,Lamiaceae,Mentheae,,Thymus,vulgaris,Thyme,Thymus vulgaris,L.,LC,Herb,Mint/Sage family; aromatic herbs,350,2026-06-26 15:47:47.232704
171,Plantae,Viridaeplantae,Tracheophyta,Spermatophytina,Magnoliopsida,Asteridae,Lamiales,Lamiaceae,Mentheae,,Origanum,vulgare,Oregano,Origanum vulgare,L.,LC,Herb,Mint/Sage family; aromatic herbs,44,2026-06-26 15:47:47.232704
172,Plantae,Viridaeplantae,Tracheophyta,Spermatophytina,Magnoliopsida,Asteridae,Lamiales,Lamiaceae,Ocimeae,,Lavandula,angustifolia,Lavender,Lavandula angustifolia,Mill.,LC,Aromatic Herb,Mint/Sage family; aromatic herbs,47,2026-06-26 15:47:47.232705
173,Plantae,Viridaeplantae,Tracheophyta,Spermatophytina,Magnoliopsida,Asteridae,Lamiales,Lamiaceae,Mentheae,,Salvia,officinalis,Sage,Salvia officinalis,L.,LC,Herb,Mint/Sage family; aromatic herbs,1000,2026-06-26 15:47:47.232705
174,Plantae,Viridaeplantae,Tracheophyta,Spermatophytina,Magnoliopsida,Asteridae,Apiales,Apiaceae,Apioideae,,Petroselinum,crispum,Parsley,Petroselinum crispum,(Mill.) Fuss,LC,Herb,Carrot/Parsley family; umbellifers,0,2026-06-26 15:47:47.232705
175,Plantae,Viridaeplantae,Tracheophyta,Spermatophytina,Liliopsida,Lilianae,Asparagales,Xanthorrhoeaceae,Alooideae,,Aloe,vera,Aloe Vera,Aloe vera,(L.) Burm.f.,LC,Succulent/Medicinal,Aloe family (now classified here),550,2026-06-26 15:47:47.232706
176,Plantae,Viridaeplantae,Tracheophyta,Spermatophytina,Magnoliopsida,Asteridae,Solanales,Solanaceae,Solanoideae,,Withania,somnifera,Ashwagandha,Withania somnifera,(L.) Dunal,LC,Medicinal Herb,"Nightshade family; tomato, potato, pepper, tobacco",10,2026-06-26 15:47:47.232706
177,Plantae,Viridaeplantae,Tracheophyta,Spermatophytina,Magnoliopsida,Asteridae,Lamiales,Plantaginaceae,Gratioleae,,Bacopa,monnieri,Brahmi (Water Hyssop),Bacopa monnieri,(L.) Wettst.,LC,Medicinal Herb,"Plantain family; snapdragons, foxgloves",70,2026-06-26 15:47:47.232706
178,Plantae,Viridaeplantae,Tracheophyta,Spermatophytina,Magnoliopsida,Ranunculidae,Ranunculales,Menispermaceae,Tinosporoideae,,Tinospora,cordifolia,Giloy (Tinospora),Tinospora cordifolia,(Willd.) Miers,LC,Medicinal Climber,,32,2026-06-26 15:47:47.232707
179,Plantae,Viridaeplantae,Tracheophyta,Spermatophytina,Liliopsida,Commelinidae,Poales,Poaceae,Panicoideae,,Cymbopogon,citratus,Lemongrass,Cymbopogon citratus,(DC.) Stapf,LC,Aromatic Herb,Grass family; cereals and grains - most economically important plant family,55,2026-06-26 15:47:47.232707
180,Plantae,Viridaeplantae,Tracheophyta,Spermatophytina,Liliopsida,Commelinidae,Poales,Poaceae,Panicoideae,,Chrysopogon,zizanioides,Vetiver (Khus),Chrysopogon zizanioides,(L.) Roberty,LC,Aromatic Grass,Grass family; cereals and grains - most economically important plant family,0,2026-06-26 15:47:47.232707
181,Plantae,Viridaeplantae,Tracheophyta,Spermatophytina,Magnoliopsida,Asteridae,Apiales,Apiaceae,Mackinlayoideae,,Centella,asiatica,Gotu Kola,Centella asiatica,(L.) Urb.,LC,Medicinal Herb,Carrot/Parsley family; umbellifers,50,2026-06-26 15:47:47.232707
182,Plantae,Viridaeplantae,Tracheophyta,Spermatophytina,Magnoliopsida,Asteridae,Gentianales,Apocynaceae,Rauvolfioideae,,Rauwolfia,serpentina,Sarpagandha (Indian Snakeroot),Rauwolfia serpentina,(L.) Benth. ex Kurz,EN,Medicinal Shrub,"Dogbane family; includes oleander, periwinkle",90,2026-06-26 15:47:47.232708
183,Plantae,Viridaeplantae,Tracheophyta,Spermatophytina,Magnoliopsida,Asteridae,Gentianales,Apocynaceae,Rauvolfioideae,,Catharanthus,roseus,Periwinkle (Sadabahar),Catharanthus roseus,(L.) G.Don,LC,Medicinal Herb,"Dogbane family; includes oleander, periwinkle",8,2026-06-26 15:47:47.232708
184,Plantae,Viridaeplantae,Tracheophyta,Spermatophytina,Magnoliopsida,Asteridae,Lamiales,Acanthaceae,Andrographideae,,Andrographis,paniculata,Andrographis (Kalmegh),Andrographis paniculata,(Burm.f.) Nees,LC,Medicinal Herb,,28,2026-06-26 15:47:47.232708
185,Plantae,Viridaeplantae,Tracheophyta,Spermatophytina,Magnoliopsida,Asteridae,Lamiales,Lamiaceae,Viticoideae,,Tectona,grandis,Teak,Tectona grandis,L.f.,LC,Timber Tree,Mint/Sage family; aromatic herbs,3,2026-06-26 15:47:47.232709
186,Plantae,Viridaeplantae,Tracheophyta,Spermatophytina,Magnoliopsida,Rosidae,Fabales,Fabaceae,Faboideae,,Dalbergia,sissoo,Rosewood (Sheesham),Dalbergia sissoo,DC.,NT,Timber Tree,Legume/Pea family; world's second largest food plant family,700,2026-06-26 15:47:47.232709
187,Plantae,Viridaeplantae,Tracheophyta,Spermatophytina,Magnoliopsida,Rosidae,Myrtales,Myrtaceae,Myrtoideae,,Eucalyptus,globulus,Eucalyptus,Eucalyptus globulus,Labill.,LC,Timber/Medicinal Tree,"Myrtle family; includes guava, eucalyptus, clove",700,2026-06-26 15:47:47.232709
188,Plantae,Viridaeplantae,Tracheophyta,Spermatophytina,Magnoliopsida,Rosidae,Fabales,Fabaceae,Caesalpinioideae,,Vachellia,nilotica,Babool (Acacia),Vachellia nilotica,(L.) P.J.H.Hurter & Mabb.,LC,Multipurpose Tree,Legume/Pea family; world's second largest food plant family,0,2026-06-26 15:47:47.232710
189,Plantae,Viridaeplantae,Tracheophyta,Spermatophytina,Liliopsida,Commelinidae,Poales,Poaceae,Bambusoideae,,Phyllostachys,edulis,Bamboo (Moso),Phyllostachys edulis,(Carrière) J.Houz.,LC,Bamboo,Grass family; cereals and grains - most economically important plant family,0,2026-06-26 15:47:47.232710
190,Plantae,Viridaeplantae,Tracheophyta,Spermatophytina,Liliopsida,Commelinidae,Poales,Poaceae,Bambusoideae,,Dendrocalamus,strictus,Dendrocalamus (Giant Bamboo),Dendrocalamus strictus,(Roxb.) Nees,LC,Bamboo,Grass family; cereals and grains - most economically important plant family,50,2026-06-26 15:47:47.232710
191,Plantae,Viridaeplantae,Tracheophyta,Spermatophytina,Magnoliopsida,Rosidae,Malvales,Dipterocarpaceae,Dipterocarpoideae,,Shorea,robusta,Sal Tree,Shorea robusta,C.F.Gaertn.,NT,Forest Tree,,360,2026-06-26 15:47:47.232711
192,Plantae,Viridaeplantae,Tracheophyta,Spermatophytina,Magnoliopsida,Rosidae,Rosales,Moraceae,Moroideae,,Ficus,religiosa,Peepal (Sacred Fig),Ficus religiosa,L.,LC,Sacred Tree,"Mulberry family; includes fig, breadfruit, jackfruit",850,2026-06-26 15:47:47.232711
193,Plantae,Viridaeplantae,Tracheophyta,Spermatophytina,Magnoliopsida,Rosidae,Rosales,Moraceae,Moroideae,,Ficus,benghalensis,Banyan Tree,Ficus benghalensis,L.,LC,Sacred Tree,"Mulberry family; includes fig, breadfruit, jackfruit",850,2026-06-26 15:47:47.232711
194,Plantae,Viridaeplantae,Tracheophyta,Spermatophytina,Magnoliopsida,Rosidae,Myrtales,Combretaceae,Combretoideae,,Terminalia,arjuna,Arjuna Tree,Terminalia arjuna,(Roxb. ex DC.) Wight & Arn.,LC,Medicinal Tree,"Terminalia family; includes terminalia, arjuna, Indian almond",0,2026-06-26 15:47:47.232712
195,Plantae,Viridaeplantae,Tracheophyta,Spermatophytina,Magnoliopsida,Rosidae,Sapindales,Meliaceae,Melioideae,,Swietenia,mahagoni,Mahogany,Swietenia mahagoni,(L.) Jacq.,EN,Timber Tree,"Mahogany family; includes neem, toon",4,2026-06-26 15:47:47.232712
196,Plantae,Viridaeplantae,Tracheophyta,Spermatophytina,Magnoliopsida,Rosidae,Malpighiales,Rhizophoraceae,Rhizophoroideae,,Rhizophora,mangle,Mangrove (Red),Rhizophora mangle,L.,LC,Mangrove,Mangrove family,0,2026-06-26 15:47:47.232712
197,Plantae,Viridaeplantae,Tracheophyta,Spermatophytina,Magnoliopsida,Rosidae,Rosales,Rosaceae,Rosoideae,,Rosa,indica,Rose,Rosa indica,L.,LC,Ornamental Flower,"Rose family; includes apples, pears, cherries, plums, strawberries",300,2026-06-26 15:47:47.232712
198,Plantae,Viridaeplantae,Tracheophyta,Spermatophytina,Magnoliopsida,Asteridae,Lamiales,Oleaceae,Oleoideae,,Jasminum,sambac,Jasmine,Jasminum sambac,(L.) Aiton,LC,Ornamental Flower,"Olive family; olives, jasmine, ash trees",200,2026-06-26 15:47:47.232713
199,Plantae,Viridaeplantae,Tracheophyta,Spermatophytina,Magnoliopsida,Rosidae,Malvales,Malvaceae,Malvoideae,,Hibiscus,rosa-sinensis,Hibiscus,Hibiscus rosa-sinensis,L.,LC,Ornamental Flower,"Mallow family; cotton, hibiscus, cacao, durian",679,2026-06-26 15:47:47.232713
200,Plantae,Viridaeplantae,Tracheophyta,Spermatophytina,Magnoliopsida,Proteidae,Proteales,Nelumbonaceae,Nelumbonoideae,,Nelumbo,nucifera,Lotus,Nelumbo nucifera,Gaertn.,LC,Aquatic Flower,Lotus family,2,2026-06-26 15:47:47.232713
201,Plantae,Viridaeplantae,Tracheophyta,Spermatophytina,Magnoliopsida,Asteridae,Asterales,Asteraceae,Tagetinae,,Tagetes,erecta,Marigold,Tagetes erecta,L.,LC,Ornamental Flower,Daisy/Composite family; world's largest flowering plant family,56,2026-06-26 15:47:47.232714
202,Plantae,Viridaeplantae,Tracheophyta,Spermatophytina,Magnoliopsida,Asteridae,Asterales,Asteraceae,Anthemideae,,Chrysanthemum,morifolium,Chrysanthemum,Chrysanthemum morifolium,Ramat.,LC,Ornamental Flower,Daisy/Composite family; world's largest flowering plant family,40,2026-06-26 15:47:47.232714
203,Plantae,Viridaeplantae,Tracheophyta,Spermatophytina,Magnoliopsida,Caryophyllidae,Caryophyllales,Caryophyllaceae,Caryophylloideae,,Dianthus,caryophyllus,Carnation,Dianthus caryophyllus,L.,LC,Ornamental Flower,,300,2026-06-26 15:47:47.232714
204,Plantae,Viridaeplantae,Tracheophyta,Spermatophytina,Magnoliopsida,Caryophyllidae,Caryophyllales,Nyctaginaceae,Bougainvilleoideae,,Bougainvillea,spectabilis,Bougainvillea,Bougainvillea spectabilis,Willd.,LC,Ornamental Climber,,18,2026-06-26 15:47:47.232715
205,Plantae,Viridaeplantae,Tracheophyta,Spermatophytina,Magnoliopsida,Asteridae,Asterales,Asteraceae,Coreopsideae,,Dahlia,pinnata,Dahlia,Dahlia pinnata,Cav.,LC,Ornamental Flower,Daisy/Composite family; world's largest flowering plant family,42,2026-06-26 15:47:47.232715
206,Plantae,Viridaeplantae,Tracheophyta,Spermatophytina,Liliopsida,Lilianae,Liliales,Liliaceae,Lilioideae,,Tulipa,gesneriana,Tulip,Tulipa gesneriana,L.,LC,Ornamental Flower,True lily family,109,2026-06-26 15:47:47.232715
207,Plantae,Viridaeplantae,Tracheophyta,Spermatophytina,Liliopsida,Lilianae,Asparagales,Orchidaceae,Epidendroideae,,Phalaenopsis,amabilis,Orchid (Phalaenopsis),Phalaenopsis amabilis,(L.) Blume,VU,Ornamental Flower,Orchid family; world's largest plant family by species count,0,2026-06-26 15:47:47.232716
208,Plantae,Viridaeplantae,Tracheophyta,Spermatophytina,Liliopsida,Lilianae,Liliales,Liliaceae,Lilioideae,,Lilium,longiflorum,Lily (Easter),Lilium longiflorum,Thunb.,LC,Ornamental Flower,True lily family,111,2026-06-26 15:47:47.232716
209,Plantae,Viridaeplantae,Tracheophyta,Spermatophytina,Magnoliopsida,Asteridae,Asterales,Asteraceae,Heliantheae,,Zinnia,elegans,Zinnia,Zinnia elegans,Jacq.,LC,Ornamental Flower,Daisy/Composite family; world's largest flowering plant family,22,2026-06-26 15:47:47.232716
210,Plantae,Viridaeplantae,Tracheophyta,Spermatophytina,Liliopsida,Commelinidae,Commelinales,Pontederiaceae,Pontederioideae,,Eichhornia,crassipes,Water Hyacinth,Eichhornia crassipes,(Mart.) Solms,LC,Aquatic/Invasive,,7,2026-06-26 15:47:47.232717
211,Plantae,Viridaeplantae,Tracheophyta,Spermatophytina,Magnoliopsida,Caryophyllidae,Caryophyllales,Droseraceae,Droseridae,,Dionaea,muscipula,Venus Flytrap,Dionaea muscipula,Sol. ex J.Ellis,VU,Carnivorous Plant,Sundew family; carnivorous plants,0,2026-06-26 15:47:47.232717
212,Plantae,Viridaeplantae,Tracheophyta,Spermatophytina,Magnoliopsida,Caryophyllidae,Caryophyllales,Droseraceae,Droseridae,,Drosera,rotundifolia,Sundew,Drosera rotundifolia,L.,LC,Carnivorous Plant,Sundew family; carnivorous plants,0,2026-06-26 15:47:47.232717
213,Plantae,Viridaeplantae,Tracheophyta,Spermatophytina,Magnoliopsida,Caryophyllidae,Caryophyllales,Nepenthaceae,Nepentheae,,Nepenthes,rajah,Pitcher Plant,Nepenthes rajah,Hook.f.,EN,Carnivorous Plant,Tropical pitcher plant family,0,2026-06-26 15:47:47.232718
214,Plantae,Viridaeplantae,Tracheophyta,Spermatophytina,Magnoliopsida,Caryophyllidae,Caryophyllales,Cactaceae,Cactoideae,,Opuntia,ficus-indica,Prickly Pear Cactus,Opuntia ficus-indica,(L.) Mill.,LC,Cactus/Fruit,Cactus family; succulent xerophytes,200,2026-06-26 15:47:47.232718
215,Plantae,Viridaeplantae,Tracheophyta,Spermatophytina,Liliopsida,Lilianae,Asparagales,Asparagaceae,Agavoideae,,Agave,americana,Agave (Century Plant),Agave americana,L.,LC,Succulent,"Asparagus family; includes agave, yucca",208,2026-06-26 15:47:47.232718
216,Plantae,Viridaeplantae,Polypodiophyta,,Polypodiopsida,Polypodiidae,Dennstaedtiales,Dennstaedtiaceae,Dennstaedtioideae,,Pteridium,aquilinum,Common Bracken Fern,Pteridium aquilinum,(L.) Kuhn,LC,Fern,,0,2026-06-26 15:47:47.232718
217,Plantae,Viridaeplantae,Bryophyta,,Sphagnopsida,Sphagnidae,Sphagnales,Sphagnaceae,Sphagnoideae,,Sphagnum,palustre,Peat Moss,Sphagnum palustre,L.,LC,Moss/Bryophyte,Peat moss family,0,2026-06-26 15:47:47.232719
218,Plantae,Cyanobacteria,Cyanophyta,,Cyanophyceae,Oscillatoriophycideae,Oscillatoriales,Microcoleaceae,Microcoleaceae,,Arthrospira,platensis,Spirulina (Blue-Green Algae),Arthrospira platensis,(Nordstedt) Gomont,LC,Algae/Superfood,,0,2026-06-26 15:47:47.232719
219,Plantae,Chromalveolata,Phaeophyta,,Phaeophyceae,Fucidae,Laminariales,Laminariaceae,Laminarioideae,,Saccharina,latissima,Kelp Seaweed,Saccharina latissima,"(L.) C.E.Lane, C.Mayes, Druehl & G.W.Saunders",LC,Seaweed/Algae,,0,2026-06-26 15:47:47.232719
220,Plantae,Viridaeplantae,Tracheophyta,Spermatophytina,Magnoliopsida,Rosidae,Fabales,Fabaceae,Faboideae,,Sesbania,bispinosa,Sesbania (Dhaincha),Sesbania bispinosa,(Jacq.) W.Wight,LC,Green Manure,Legume/Pea family; world's second largest food plant family,60,2026-06-26 15:47:47.232720
221,Plantae,Viridaeplantae,Tracheophyta,Spermatophytina,Magnoliopsida,Rosidae,Fabales,Fabaceae,Faboideae,,Crotalaria,juncea,Sunn Hemp,Crotalaria juncea,L.,LC,Green Manure/Fiber,Legume/Pea family; world's second largest food plant family,0,2026-06-26 15:47:47.232720
222,Plantae,Viridaeplantae,Tracheophyta,Spermatophytina,Magnoliopsida,Rosidae,Fabales,Fabaceae,Faboideae,,Mucuna,pruriens,Velvet Bean (Mucuna),Mucuna pruriens,(L.) DC.,LC,Cover Crop/Medicinal,Legume/Pea family; world's second largest food plant family,105,2026-06-26 15:47:47.232720
223,Plantae,Viridaeplantae,Tracheophyta,Spermatophytina,Magnoliopsida,Rosidae,Fabales,Fabaceae,Faboideae,,Gliricidia,sepium,Gliricidia,Gliricidia sepium,(Jacq.) Kunth ex Walp.,LC,Agroforestry/Fodder,Legume/Pea family; world's second largest food plant family,0,2026-06-26 15:47:47.232721
